Datum,Marktantiel
26.06.2009,85.64
29.06.2009,85.4355
30.06.2009,85.27
01.07.2009,85.079
02.07.2009,85.0155
03.07.2009,84.8725
06.07.2009,84.7605
07.07.2009,84.7565
08.07.2009,84.343
09.07.2009,84.274
10.07.2009,84.251
13.07.2009,84.065
14.07.2009,83.888
15.07.2009,83.841
16.07.2009,83.652
17.07.2009,83.2815
20.07.2009,83.1645
21.07.2009,83.132
22.07.2009,83.1705
23.07.2009,83.092
24.07.2009,82.8615
27.07.2009,82.802
28.07.2009,82.6805
29.07.2009,82.6885
30.07.2009,82.6375
31.07.2009,82.4435
03.08.2009,82.4175
04.08.2009,82.397
05.08.2009,82.449
06.08.2009,82.216
07.08.2009,82.297
10.08.2009,82.304
11.08.2009,82.2795
12.08.2009,82.236
13.08.2009,82.112
14.08.2009,82.152
17.08.2009,82.3125
18.08.2009,82.4125
19.08.2009,82.2745
20.08.2009,82.41
21.08.2009,82.619
24.08.2009,82.6035
25.08.2009,82.7015
26.08.2009,82.734
27.08.2009,82.623
28.08.2009,82.7195
31.08.2009,82.928
01.09.2009,82.9135
02.09.2009,82.9665
03.09.2009,83.0995
04.09.2009,82.951
07.09.2009,82.8775
08.09.2009,82.895
09.09.2009,82.6695
10.09.2009,82.5755
11.09.2009,82.28
14.09.2009,81.9875
15.09.2009,81.9615
16.09.2009,81.765
17.09.2009,81.4615
18.09.2009,81.8115
21.09.2009,81.69
22.09.2009,81.6795
23.09.2009,81.5785
24.09.2009,81.575
25.09.2009,81.542
28.09.2009,81.1605
29.09.2009,81.059
30.09.2009,81.0095
01.10.2009,80.886
02.10.2009,80.8805
05.10.2009,80.8795
06.10.2009,80.82
07.10.2009,80.917
08.10.2009,80.9845
09.10.2009,81.1645
12.10.2009,81.231
13.10.2009,81.048
14.10.2009,81.069
15.10.2009,81.287
16.10.2009,80.8585
19.10.2009,81.009
20.10.2009,81.0265
21.10.2009,81.0685
22.10.2009,81.116
23.10.2009,81.082
26.10.2009,81.1665
27.10.2009,81.259
28.10.2009,81.263
29.10.2009,81.3315
30.10.2009,81.259
02.11.2009,81.3045
03.11.2009,81.3565
04.11.2009,81.3765
05.11.2009,81.4395
06.11.2009,81.433
09.11.2009,81.6405
10.11.2009,81.897
11.11.2009,82.064
12.11.2009,81.495
13.11.2009,81.4625
16.11.2009,81.383
17.11.2009,81.4105
18.11.2009,81.429
19.11.2009,81.37
20.11.2009,81.51
23.11.2009,81.6055
24.11.2009,81.6665
25.11.2009,81.692
26.11.2009,81.7595
27.11.2009,81.8945
30.11.2009,82.1245
01.12.2009,82.254
02.12.2009,82.4845
03.12.2009,82.58
04.12.2009,82.7075
07.12.2009,82.709
08.12.2009,82.7795
09.12.2009,82.8105
10.12.2009,83.451
11.12.2009,83.5645
14.12.2009,83.6815
15.12.2009,83.778
16.12.2009,83.925
17.12.2009,84.156
18.12.2009,84.428
21.12.2009,84.4685
22.12.2009,84.601
23.12.2009,84.716
28.12.2009,84.881
29.12.2009,84.8465
30.12.2009,84.8065
04.01.2010,84.938
05.01.2010,84.844
06.01.2010,84.865
07.01.2010,84.883
08.01.2010,84.769
11.01.2010,84.73
12.01.2010,84.6015
13.01.2010,84.5225
14.01.2010,84.439
15.01.2010,84.4445
18.01.2010,84.4205
19.01.2010,84.229
20.01.2010,83.873
21.01.2010,83.225
22.01.2010,82.7835
25.01.2010,82.358
26.01.2010,81.856
27.01.2010,81.3905
28.01.2010,81.027
29.01.2010,80.568
01.02.2010,80.108
02.02.2010,79.807
03.02.2010,79.425
04.02.2010,79.035
05.02.2010,78.8395
08.02.2010,78.402
09.02.2010,78.0845
10.02.2010,77.6845
11.02.2010,77.37
12.02.2010,76.9035
15.02.2010,76.6605
16.02.2010,76.3875
17.02.2010,76.2895
18.02.2010,76.244
19.02.2010,76.953
22.02.2010,76.721
23.02.2010,76.6945
24.02.2010,76.4455
25.02.2010,76.3535
26.02.2010,76.393
01.03.2010,76.448
02.03.2010,76.36
03.03.2010,76.272
04.03.2010,76.2705
05.03.2010,76.0245
08.03.2010,75.918
09.03.2010,75.8715
10.03.2010,75.764
11.03.2010,75.5615
12.03.2010,75.3665
15.03.2010,75.0865
16.03.2010,74.77
17.03.2010,74.59
18.03.2010,74.387
19.03.2010,74.1805
22.03.2010,74.272
23.03.2010,74.167
24.03.2010,74.2355
25.03.2010,74.192
26.03.2010,73.9975
29.03.2010,73.809
30.03.2010,73.681
31.03.2010,73.812
01.04.2010,73.822
06.04.2010,73.8075
07.04.2010,73.763
08.04.2010,73.7025
09.04.2010,73.593
12.04.2010,73.4875
13.04.2010,73.5065
14.04.2010,73.2885
15.04.2010,73.3745
16.04.2010,73.7315
19.04.2010,73.7435
20.04.2010,73.1115
21.04.2010,73.0095
22.04.2010,72.9075
23.04.2010,72.9075
26.04.2010,72.9405
27.04.2010,72.848
28.04.2010,72.818
29.04.2010,72.878
30.04.2010,72.7655
03.05.2010,72.879
04.05.2010,72.9805
05.05.2010,73.024
06.05.2010,72.9655
07.05.2010,73.1155
10.05.2010,73.3495
11.05.2010,73.374
12.05.2010,73.6725
14.05.2010,73.714
17.05.2010,73.402
18.05.2010,73.5025
19.05.2010,73.5815
20.05.2010,73.5985
21.05.2010,73.8675
25.05.2010,73.7715
26.05.2010,73.7285
27.05.2010,73.727
28.05.2010,73.582
31.05.2010,73.9195
01.06.2010,73.834
02.06.2010,73.4715
03.06.2010,73.34
04.06.2010,73.2555
07.06.2010,73.191
08.06.2010,73.0635
09.06.2010,72.947
10.06.2010,72.817
11.06.2010,72.552
14.06.2010,72.47
15.06.2010,72.3425
16.06.2010,72.068
17.06.2010,71.9065
18.06.2010,72.561
21.06.2010,72.3685
22.06.2010,72.215
23.06.2010,71.913
24.06.2010,71.798
25.06.2010,71.5855
28.06.2010,70.907
29.06.2010,70.757
30.06.2010,70.6525
01.07.2010,70.4375
02.07.2010,70.2495
05.07.2010,70.657
06.07.2010,70.7415
07.07.2010,70.6855
08.07.2010,70.686
09.07.2010,70.7
12.07.2010,70.6205
13.07.2010,70.6095
14.07.2010,70.6455
15.07.2010,70.591
16.07.2010,69.937
19.07.2010,69.6595
20.07.2010,69.6255
21.07.2010,69.772
22.07.2010,69.7655
23.07.2010,69.893
26.07.2010,70.077
27.07.2010,70.0955
28.07.2010,70.096
29.07.2010,70.3375
30.07.2010,70.505
02.08.2010,70.045
03.08.2010,70.0085
04.08.2010,70.0215
05.08.2010,70.108
06.08.2010,70.0945
09.08.2010,70.247
10.08.2010,70.216
11.08.2010,70.2815
12.08.2010,70.26
13.08.2010,70.0245
16.08.2010,70.0965
17.08.2010,70.1435
18.08.2010,70.043
19.08.2010,70.137
20.08.2010,70.3225
23.08.2010,70.3665
24.08.2010,70.588
25.08.2010,70.6975
26.08.2010,70.6485
27.08.2010,70.7565
30.08.2010,71.137
31.08.2010,71.397
01.09.2010,71.3375
02.09.2010,71.2275
03.09.2010,71.1925
06.09.2010,71.127
07.09.2010,71.1985
08.09.2010,71.1045
09.09.2010,71.0605
10.09.2010,71.193
13.09.2010,71.328
14.09.2010,71.399
15.09.2010,71.541
16.09.2010,71.5115
17.09.2010,71.7675
20.09.2010,71.629
21.09.2010,71.3445
22.09.2010,71.223
23.09.2010,71.087
24.09.2010,70.9325
27.09.2010,70.631
28.09.2010,70.263
29.09.2010,70.1615
30.09.2010,70.256
01.10.2010,70.2585
04.10.2010,70.119
05.10.2010,70.031
06.10.2010,70.0225
07.10.2010,70.15
08.10.2010,70.0135
11.10.2010,69.8275
12.10.2010,69.607
13.10.2010,69.474
14.10.2010,69.345
15.10.2010,69.069
18.10.2010,69.001
19.10.2010,68.976
20.10.2010,68.989
21.10.2010,68.9365
22.10.2010,68.8835
25.10.2010,68.9
26.10.2010,68.995
27.10.2010,68.887
28.10.2010,68.8605
29.10.2010,68.9725
01.11.2010,69.266
02.11.2010,69.3815
03.11.2010,69.426
04.11.2010,69.37
05.11.2010,69.379
08.11.2010,69.553
09.11.2010,69.623
10.11.2010,69.7175
11.11.2010,69.681
12.11.2010,69.523
15.11.2010,69.5835
16.11.2010,69.6985
17.11.2010,69.809
18.11.2010,69.9195
19.11.2010,69.988
22.11.2010,69.814
23.11.2010,69.705
24.11.2010,69.7915
25.11.2010,69.808
26.11.2010,69.8245
29.11.2010,69.697
30.11.2010,69.923
01.12.2010,69.87
02.12.2010,69.8655
03.12.2010,69.8975
06.12.2010,69.8695
07.12.2010,69.9065
08.12.2010,69.908
09.12.2010,70.0895
10.12.2010,70.0595
13.12.2010,69.9745
14.12.2010,69.966
15.12.2010,69.5985
16.12.2010,69.478
17.12.2010,70.043
20.12.2010,70.3395
21.12.2010,70.4495
22.12.2010,70.7945
23.12.2010,70.9225
27.12.2010,71.2525
28.12.2010,71.3545
29.12.2010,71.1805
30.12.2010,71.3795
03.01.2011,71.663
04.01.2011,71.6575
05.01.2011,71.543
06.01.2011,71.5415
07.01.2011,71.326
10.01.2011,71.101
11.01.2011,71.1555
12.01.2011,71.054
13.01.2011,70.7945
14.01.2011,70.823
17.01.2011,70.9635
18.01.2011,70.2135
19.01.2011,69.928
20.01.2011,69.7785
21.01.2011,69.7865
24.01.2011,69.5155
25.01.2011,68.9245
26.01.2011,68.7085
27.01.2011,68.465
28.01.2011,68.3315
31.01.2011,68.0365
01.02.2011,67.9125
02.02.2011,67.86
03.02.2011,67.769
04.02.2011,67.924
07.02.2011,68.0675
08.02.2011,68.0585
09.02.2011,68.275
10.02.2011,68.351
11.02.2011,68.488
14.02.2011,68.493
15.02.2011,68.6325
16.02.2011,68.756
17.02.2011,68.811
18.02.2011,69.329
21.02.2011,69.5415
22.02.2011,69.7925
23.02.2011,69.7515
24.02.2011,69.85
25.02.2011,69.847
28.02.2011,69.9415
01.03.2011,70.004
02.03.2011,70.141
03.03.2011,70.282
04.03.2011,70.356
07.03.2011,70.3055
08.03.2011,70.2125
09.03.2011,70.04
10.03.2011,70.2255
11.03.2011,70.3315
14.03.2011,70.2965
15.03.2011,70.266
16.03.2011,70.181
17.03.2011,70.2115
18.03.2011,70.0185
21.03.2011,69.824
22.03.2011,69.6255
23.03.2011,69.666
24.03.2011,69.5605
25.03.2011,69.3845
28.03.2011,69.1295
29.03.2011,69.046
30.03.2011,69.0245
31.03.2011,69.0195
01.04.2011,68.9565
04.04.2011,68.899
05.04.2011,68.7095
06.04.2011,68.4815
07.04.2011,68.089
08.04.2011,67.882
11.04.2011,67.5565
12.04.2011,67.4505
13.04.2011,67.2765
14.04.2011,66.9445
15.04.2011,66.8305
18.04.2011,66.693
19.04.2011,66.5365
20.04.2011,66.414
21.04.2011,66.3375
26.04.2011,66.3585
27.04.2011,66.399
28.04.2011,66.4855
29.04.2011,66.6305
02.05.2011,66.6215
03.05.2011,66.6515
04.05.2011,66.563
05.05.2011,66.7405
06.05.2011,66.8915
09.05.2011,67.0865
10.05.2011,67.2175
11.05.2011,67.6595
12.05.2011,67.8195
13.05.2011,67.9875
16.05.2011,68.377
17.05.2011,67.874
18.05.2011,67.994
19.05.2011,68.1685
20.05.2011,68.649
23.05.2011,68.8365
24.05.2011,68.8865
25.05.2011,68.971
26.05.2011,69.0605
27.05.2011,69.0265
30.05.2011,69.42
31.05.2011,69.747
01.06.2011,69.9525
03.06.2011,69.867
06.06.2011,70.001
07.06.2011,70.1805
08.06.2011,70.327
09.06.2011,70.1585
10.06.2011,70.0855
14.06.2011,70.022
15.06.2011,69.9935
16.06.2011,70.0185
17.06.2011,70.4595
20.06.2011,70.4055
21.06.2011,70.0615
22.06.2011,69.899
23.06.2011,70.0095
24.06.2011,70.0085
27.06.2011,69.938
28.06.2011,69.824
29.06.2011,69.243
30.06.2011,69.0655
01.07.2011,69.0185
04.07.2011,69.2105
05.07.2011,69.207
06.07.2011,69.045
07.07.2011,68.7195
08.07.2011,68.5385
11.07.2011,68.4035
12.07.2011,68.3075
13.07.2011,68.0305
14.07.2011,67.855
15.07.2011,67.614
18.07.2011,67.762
19.07.2011,67.7025
20.07.2011,67.6315
21.07.2011,67.3965
22.07.2011,67.209
25.07.2011,67.1385
26.07.2011,66.9985
27.07.2011,67.157
28.07.2011,66.873
29.07.2011,66.898
02.08.2011,66.8345
03.08.2011,66.7695
04.08.2011,66.917
05.08.2011,67.249
08.08.2011,67.4115
09.08.2011,67.574
10.08.2011,67.667
11.08.2011,67.7235
12.08.2011,67.723
15.08.2011,67.5315
16.08.2011,67.4105
17.08.2011,67.331
18.08.2011,67.4235
19.08.2011,67.7325
22.08.2011,67.939
23.08.2011,67.937
24.08.2011,67.8325
25.08.2011,67.776
26.08.2011,67.785
29.08.2011,67.792
30.08.2011,67.869
31.08.2011,68.116
01.09.2011,68.015
02.09.2011,67.8675
05.09.2011,67.9215
06.09.2011,67.75
07.09.2011,67.8115
08.09.2011,67.806
09.09.2011,67.8945
12.09.2011,67.9665
13.09.2011,67.8285
14.09.2011,67.9505
15.09.2011,67.8985
16.09.2011,68.572
19.09.2011,68.398
20.09.2011,68.35
21.09.2011,68.334
22.09.2011,68.2075
23.09.2011,68.122
26.09.2011,67.8415
27.09.2011,67.652
28.09.2011,67.385
29.09.2011,67.3885
30.09.2011,67.435
03.10.2011,67.2205
04.10.2011,67.1675
05.10.2011,67.075
06.10.2011,67.02
07.10.2011,66.92
10.10.2011,66.86
11.10.2011,67.1435
12.10.2011,67.1535
13.10.2011,67.164
14.10.2011,66.2365
17.10.2011,66.29
18.10.2011,66.3385
19.10.2011,66.46
20.10.2011,66.581
21.10.2011,67.0765
24.10.2011,67.318
25.10.2011,67.4555
26.10.2011,67.551
27.10.2011,67.603
28.10.2011,67.512
31.10.2011,67.812
01.11.2011,67.9445
02.11.2011,67.9175
03.11.2011,67.901
04.11.2011,67.786
07.11.2011,67.6245
08.11.2011,67.4655
09.11.2011,67.2465
10.11.2011,67.1545
11.11.2011,67.2245
14.11.2011,67.211
15.11.2011,67.078
16.11.2011,66.999
17.11.2011,66.6965
18.11.2011,66.2605
21.11.2011,66.143
22.11.2011,65.9885
23.11.2011,65.9465
24.11.2011,65.875
25.11.2011,65.7155
28.11.2011,65.4755
29.11.2011,65.151
30.11.2011,65.379
01.12.2011,65.332
02.12.2011,65.251
05.12.2011,65.2515
06.12.2011,65.317
07.12.2011,65.2505
08.12.2011,65.2275
09.12.2011,65.0455
12.12.2011,65.044
13.12.2011,65.1955
14.12.2011,65.268
15.12.2011,65.445
16.12.2011,65.8565
19.12.2011,65.741
20.12.2011,65.7175
21.12.2011,65.549
22.12.2011,65.516
23.12.2011,65.7645
27.12.2011,65.9915
28.12.2011,66.2425
29.12.2011,65.8765
30.12.2011,66.1855
03.01.2012,66.458
04.01.2012,66.4755
05.01.2012,66.208
06.01.2012,66.256
09.01.2012,66.1365
10.01.2012,65.931
11.01.2012,65.782
12.01.2012,65.659
13.01.2012,65.456
16.01.2012,65.524
17.01.2012,65.1135
18.01.2012,65.1905
19.01.2012,65.218
20.01.2012,65.4165
23.01.2012,65.4065
24.01.2012,65.201
25.01.2012,64.783
26.01.2012,64.6845
27.01.2012,64.8285
30.01.2012,64.7255
31.01.2012,64.7515
01.02.2012,64.6585
02.02.2012,64.7005
03.02.2012,64.873
06.02.2012,65.3025
07.02.2012,65.596
08.02.2012,65.6265
09.02.2012,65.5875
10.02.2012,65.613
13.02.2012,65.6615
14.02.2012,65.686
15.02.2012,65.6165
16.02.2012,65.63
17.02.2012,66.5365
20.02.2012,66.392
21.02.2012,66.462
22.02.2012,66.487
23.02.2012,66.4575
24.02.2012,66.463
27.02.2012,66.491
28.02.2012,66.2365
29.02.2012,66.3765
01.03.2012,66.374
02.03.2012,66.254
05.03.2012,66.04
06.03.2012,66.0875
07.03.2012,66.1085
08.03.2012,66.334
09.03.2012,66.611
12.03.2012,66.4985
13.03.2012,66.445
14.03.2012,66.601
15.03.2012,66.6215
16.03.2012,66.5455
19.03.2012,66.484
20.03.2012,66.513
21.03.2012,66.664
22.03.2012,66.8805
23.03.2012,66.851
26.03.2012,66.757
27.03.2012,66.9305
28.03.2012,66.9065
29.03.2012,67.078
30.03.2012,67.217
02.04.2012,67.2785
03.04.2012,67.2535
04.04.2012,67.359
05.04.2012,67.252
10.04.2012,67.168
11.04.2012,67.1315
12.04.2012,67.1135
13.04.2012,67.06
16.04.2012,66.981
17.04.2012,65.9975
18.04.2012,66.1075
19.04.2012,65.9805
20.04.2012,66.3485
23.04.2012,66.294
24.04.2012,66.3375
25.04.2012,66.3295
26.04.2012,66.4
27.04.2012,66.5105
30.04.2012,66.646
02.05.2012,66.6295
03.05.2012,66.5265
04.05.2012,66.6585
07.05.2012,66.8905
08.05.2012,66.9215
09.05.2012,66.9625
10.05.2012,67.1355
11.05.2012,67.194
14.05.2012,67.2615
15.05.2012,67.2065
16.05.2012,67.228
18.05.2012,67.5145
21.05.2012,67.5875
22.05.2012,67.255
23.05.2012,67.217
24.05.2012,66.9945
25.05.2012,66.939
29.05.2012,66.7915
30.05.2012,66.7675
31.05.2012,66.8625
01.06.2012,66.8185
04.06.2012,66.9825
05.06.2012,66.907
06.06.2012,66.6425
07.06.2012,66.622
08.06.2012,66.548
11.06.2012,66.5435
12.06.2012,66.428
13.06.2012,66.8425
14.06.2012,67.0315
15.06.2012,67.9485
18.06.2012,67.531
19.06.2012,67.4955
20.06.2012,67.3225
21.06.2012,67.161
22.06.2012,67.1835
25.06.2012,67.26
26.06.2012,66.9295
27.06.2012,66.7805
28.06.2012,66.2335
29.06.2012,66.3635
02.07.2012,66.149
03.07.2012,66.089
04.07.2012,66.1395
05.07.2012,66.0105
06.07.2012,65.9145
09.07.2012,65.694
10.07.2012,65.661
11.07.2012,64.98
12.07.2012,64.9875
13.07.2012,63.995
16.07.2012,64.1155
17.07.2012,64.1545
18.07.2012,64.273
19.07.2012,64.467
20.07.2012,64.7055
23.07.2012,64.677
24.07.2012,64.9325
25.07.2012,65.0635
26.07.2012,65.2455
27.07.2012,65.0155
30.07.2012,65.1555
31.07.2012,65.3
02.08.2012,65.178
03.08.2012,65.1435
06.08.2012,65.179
07.08.2012,65.2895
08.08.2012,65.3945
09.08.2012,65.5255
10.08.2012,65.2745
13.08.2012,65.2575
14.08.2012,65.415
15.08.2012,65.46
16.08.2012,65.452
17.08.2012,65.5015
20.08.2012,65.572
21.08.2012,65.585
22.08.2012,65.6795
23.08.2012,65.5905
24.08.2012,65.524
27.08.2012,65.7635
28.08.2012,65.7415
29.08.2012,65.5275
30.08.2012,65.6595
31.08.2012,66.1195
03.09.2012,66.37
04.09.2012,66.4375
05.09.2012,66.5115
06.09.2012,66.621
07.09.2012,66.7015
10.09.2012,66.7515
11.09.2012,66.6205
12.09.2012,66.5825
13.09.2012,66.6335
14.09.2012,66.5585
17.09.2012,66.4625
18.09.2012,66.453
19.09.2012,66.59
20.09.2012,66.7195
21.09.2012,67.656
24.09.2012,67.5435
25.09.2012,67.687
26.09.2012,67.8435
27.09.2012,67.7395
28.09.2012,67.4145
01.10.2012,67.19
02.10.2012,67.0635
03.10.2012,67.08
04.10.2012,66.969
05.10.2012,66.914
08.10.2012,66.9645
09.10.2012,67.0605
10.10.2012,66.6765
11.10.2012,66.5575
12.10.2012,66.5035
15.10.2012,66.437
16.10.2012,66.449
17.10.2012,66.3935
18.10.2012,66.227
19.10.2012,65.594
22.10.2012,65.5655
23.10.2012,65.4055
24.10.2012,65.275
25.10.2012,65.2665
26.10.2012,65.308
29.10.2012,65.435
30.10.2012,65.976
31.10.2012,66.0965
01.11.2012,66.258
02.11.2012,66.522
05.11.2012,66.635
06.11.2012,66.709
07.11.2012,67.0705
08.11.2012,67.081
09.11.2012,67.1795
12.11.2012,67.212
13.11.2012,67.2745
14.11.2012,67.1765
15.11.2012,67.3015
16.11.2012,67.2505
19.11.2012,67.277
20.11.2012,67.185
21.11.2012,67.0935
22.11.2012,67.2095
23.11.2012,67.2785
26.11.2012,67.3285
27.11.2012,66.8975
28.11.2012,66.673
29.11.2012,66.6585
30.11.2012,66.831
03.12.2012,66.7965
04.12.2012,66.7825
05.12.2012,66.816
06.12.2012,66.913
07.12.2012,66.8615
10.12.2012,66.996
11.12.2012,67.0085
12.12.2012,67.045
13.12.2012,66.961
14.12.2012,66.8765
17.12.2012,66.7785
18.12.2012,67.001
19.12.2012,67.0775
20.12.2012,67.138
21.12.2012,67.7
27.12.2012,67.4995
28.12.2012,67.7475
03.01.2013,67.8635
04.01.2013,67.759
07.01.2013,67.511
08.01.2013,67.55
09.01.2013,67.444
10.01.2013,67.5315
11.01.2013,67.588
14.01.2013,67.7455
15.01.2013,67.684
16.01.2013,67.5555
17.01.2013,67.685
18.01.2013,68.2465
21.01.2013,68.3585
22.01.2013,68.497
23.01.2013,68.3055
24.01.2013,68.3655
25.01.2013,68.188
28.01.2013,67.433
29.01.2013,67.582
30.01.2013,67.2815
31.01.2013,67.3675
01.02.2013,67.2265
04.02.2013,67.044
05.02.2013,66.806
06.02.2013,66.637
07.02.2013,66.373
08.02.2013,66.274
11.02.2013,66.061
12.02.2013,65.947
13.02.2013,66.0415
14.02.2013,65.9895
15.02.2013,66.245
18.02.2013,66.296
19.02.2013,66.4465
20.02.2013,66.585
21.02.2013,66.731
22.02.2013,66.781
25.02.2013,66.9305
26.02.2013,66.973
27.02.2013,67.1815
28.02.2013,67.352
01.03.2013,67.4605
04.03.2013,67.72
05.03.2013,68.0315
06.03.2013,68.339
07.03.2013,68.661
08.03.2013,68.7875
11.03.2013,69.0315
12.03.2013,69.1985
14.03.2013,69.2615
15.03.2013,70.0285
18.03.2013,69.3705
19.03.2013,69.1155
20.03.2013,68.8135
21.03.2013,68.723
22.03.2013,68.5705
25.03.2013,68.475
26.03.2013,68.3135
27.03.2013,68.185
28.03.2013,68.1795
02.04.2013,67.8535
03.04.2013,67.926
04.04.2013,67.89
05.04.2013,67.8805
08.04.2013,67.888
09.04.2013,67.885
10.04.2013,67.8755
11.04.2013,67.809
12.04.2013,67.778
15.04.2013,67.879
16.04.2013,67.0945
17.04.2013,67.082
18.04.2013,67.1375
19.04.2013,67.326
22.04.2013,67.495
23.04.2013,67.6695
24.04.2013,67.763
25.04.2013,67.9415
26.04.2013,67.986
29.04.2013,67.777
30.04.2013,67.8515
02.05.2013,67.648
03.05.2013,67.4755
06.05.2013,67.676
07.05.2013,67.546
08.05.2013,67.3755
10.05.2013,67.2405
13.05.2013,67.161
14.05.2013,67.204
15.05.2013,67.1245
16.05.2013,67.143
17.05.2013,67.3065
21.05.2013,67.2055
22.05.2013,67.215
23.05.2013,67.1305
24.05.2013,67.0275
27.05.2013,67.4155
28.05.2013,67.6245
29.05.2013,67.558
30.05.2013,67.563
31.05.2013,67.6085
03.06.2013,67.8595
04.06.2013,67.83
05.06.2013,67.4975
06.06.2013,67.454
07.06.2013,67.5655
10.06.2013,67.6375
11.06.2013,67.5595
12.06.2013,67.298
13.06.2013,67.123
14.06.2013,66.9845
17.06.2013,66.63
18.06.2013,66.6955
19.06.2013,66.5705
20.06.2013,66.585
21.06.2013,67.1515
24.06.2013,66.846
25.06.2013,66.6335
26.06.2013,66.5585
27.06.2013,66.6295
28.06.2013,66.506
01.07.2013,66.354
02.07.2013,66.362
03.07.2013,66.165
04.07.2013,66.2635
05.07.2013,66.168
08.07.2013,66.0485
09.07.2013,66.0955
10.07.2013,66.153
11.07.2013,66.242
12.07.2013,66.3215
15.07.2013,66.211
16.07.2013,66.0055
17.07.2013,65.824
18.07.2013,65.586
19.07.2013,64.8565
22.07.2013,64.696
23.07.2013,64.499
24.07.2013,64.439
25.07.2013,64.1465
26.07.2013,63.73
29.07.2013,63.6365
30.07.2013,63.6085
31.07.2013,63.534
02.08.2013,63.189
05.08.2013,62.982
06.08.2013,62.7745
07.08.2013,62.45
08.08.2013,62.203
09.08.2013,61.7525
12.08.2013,61.4015
13.08.2013,61.458
14.08.2013,61.5045
15.08.2013,61.547
16.08.2013,61.7345
19.08.2013,61.73
20.08.2013,61.5275
21.08.2013,61.464
22.08.2013,61.464
23.08.2013,61.628
26.08.2013,62.122
27.08.2013,62.311
28.08.2013,62.22
29.08.2013,62.403
30.08.2013,62.595
02.09.2013,62.8225
03.09.2013,63.0435
04.09.2013,63.1025
05.09.2013,63.2675
06.09.2013,63.437
09.09.2013,63.5485
10.09.2013,63.6215
11.09.2013,63.645
12.09.2013,63.526
13.09.2013,63.202
16.09.2013,63.0995
17.09.2013,63.1685
18.09.2013,63.149
19.09.2013,63.121
20.09.2013,63.527
23.09.2013,63.1355
24.09.2013,62.8665
25.09.2013,62.874
26.09.2013,62.6975
27.09.2013,62.3525
30.09.2013,62.401
01.10.2013,62.2915
02.10.2013,62.28
03.10.2013,62.195
04.10.2013,62.1945
07.10.2013,62.229
08.10.2013,62.1455
09.10.2013,62.0955
10.10.2013,62.1015
11.10.2013,62.297
14.10.2013,62.2415
15.10.2013,62.189
16.10.2013,62.0715
17.10.2013,62.072
18.10.2013,61.728
21.10.2013,61.82
22.10.2013,61.8855
23.10.2013,61.877
24.10.2013,61.9685
25.10.2013,62.2825
28.10.2013,62.092
29.10.2013,62.018
30.10.2013,62.126
31.10.2013,62.353
01.11.2013,62.386
04.11.2013,62.339
05.11.2013,62.2635
06.11.2013,62.2665
07.11.2013,62.3845
08.11.2013,62.4215
11.11.2013,62.5925
12.11.2013,62.8
13.11.2013,62.8955
14.11.2013,62.9555
15.11.2013,63.0275
18.11.2013,63.2255
19.11.2013,63.3485
20.11.2013,63.5745
21.11.2013,63.7025
22.11.2013,63.588
25.11.2013,63.758
26.11.2013,64.1385
27.11.2013,64.178
28.11.2013,64.269
29.11.2013,64.692
02.12.2013,65.102
03.12.2013,65.21
04.12.2013,65.592
05.12.2013,65.7475
06.12.2013,65.818
09.12.2013,66.0975
10.12.2013,66.1445
11.12.2013,66.532
12.12.2013,66.7035
13.12.2013,66.6185
16.12.2013,66.6605
17.12.2013,66.6735
18.12.2013,66.6565
19.12.2013,66.792
20.12.2013,67.7575
23.12.2013,67.794
27.12.2013,67.6665
30.12.2013,67.914
03.01.2014,67.7225
06.01.2014,67.585
07.01.2014,67.2885
08.01.2014,67.2305
09.01.2014,66.9905
10.01.2014,66.766
13.01.2014,66.659
14.01.2014,66.4705
15.01.2014,66.344
16.01.2014,66.051
17.01.2014,66.4065
20.01.2014,66.4175
21.01.2014,66.592
22.01.2014,66.56
23.01.2014,66.626
24.01.2014,66.5525
27.01.2014,66.054
28.01.2014,66.0965
29.01.2014,66.1065
30.01.2014,66.0005
31.01.2014,66.2425
03.02.2014,66.006
04.02.2014,66.173
05.02.2014,66.2985
06.02.2014,66.285
07.02.2014,66.5355
10.02.2014,66.4895
11.02.2014,66.5555
12.02.2014,66.746
13.02.2014,66.831
14.02.2014,66.4125
17.02.2014,66.7005
18.02.2014,66.4835
19.02.2014,66.577
20.02.2014,66.408
21.02.2014,67.086
24.02.2014,66.999
25.02.2014,66.989
26.02.2014,67.1225
27.02.2014,66.9665
28.02.2014,66.9785
03.03.2014,67.2575
04.03.2014,67.3825
05.03.2014,67.5515
06.03.2014,67.769
07.03.2014,67.8565
10.03.2014,68.0785
11.03.2014,68.029
12.03.2014,67.9925
13.03.2014,67.919
14.03.2014,67.96
17.03.2014,67.7605
18.03.2014,67.8765
19.03.2014,67.863
20.03.2014,67.9885
21.03.2014,68.145
24.03.2014,68.0945
25.03.2014,67.984
26.03.2014,67.8155
27.03.2014,67.8935
28.03.2014,67.79
31.03.2014,67.742
01.04.2014,67.606
02.04.2014,67.464
03.04.2014,67.309
04.04.2014,67.1495
07.04.2014,67.0265
08.04.2014,66.8635
09.04.2014,66.7035
10.04.2014,66.7035
11.04.2014,66.637
14.04.2014,66.526
15.04.2014,66.3715
16.04.2014,66.2845
17.04.2014,66.4475
22.04.2014,65.6165
23.04.2014,65.384
24.04.2014,65.3175
25.04.2014,65.2565
28.04.2014,65.1915
29.04.2014,65.181
30.04.2014,65.0585
02.05.2014,64.972
05.05.2014,64.936
06.05.2014,64.878
07.05.2014,64.952
08.05.2014,64.9985
09.05.2014,65.1315
12.05.2014,65.2325
13.05.2014,65.349
14.05.2014,65.3465
15.05.2014,65.2945
16.05.2014,65.402
19.05.2014,65.4095
20.05.2014,65.1
21.05.2014,64.9775
22.05.2014,64.942
23.05.2014,65.0035
26.05.2014,65.4695
27.05.2014,65.6005
28.05.2014,65.6135
30.05.2014,65.8335
02.06.2014,65.8955
03.06.2014,65.9935
04.06.2014,66.094
05.06.2014,65.9845
06.06.2014,65.857
10.06.2014,65.719
11.06.2014,65.918
12.06.2014,65.9745
13.06.2014,66.0925
16.06.2014,66.4835
17.06.2014,66.4795
18.06.2014,66.805
19.06.2014,66.978
20.06.2014,67.6905
23.06.2014,67.889
24.06.2014,67.8805
25.06.2014,67.5585
26.06.2014,67.5465
27.06.2014,67.4245
30.06.2014,67.417
01.07.2014,67.4305
02.07.2014,67.409
03.07.2014,67.406
04.07.2014,67.67
07.07.2014,67.9615
08.07.2014,68.1705
09.07.2014,68.0775
10.07.2014,68.0935
11.07.2014,68.1005
14.07.2014,67.912
15.07.2014,67.8785
16.07.2014,67.7385
17.07.2014,67.7005
18.07.2014,67.287
21.07.2014,67.351
22.07.2014,67.5725
23.07.2014,67.6555
24.07.2014,67.7885
25.07.2014,68.0785
28.07.2014,68.0185
29.07.2014,68.2425
30.07.2014,68.402
31.07.2014,68.5665
04.08.2014,68.4515
05.08.2014,68.3265
06.08.2014,68.469
07.08.2014,68.5365
08.08.2014,68.688
11.08.2014,68.805
12.08.2014,68.949
13.08.2014,69.134
14.08.2014,69.151
15.08.2014,69.463
18.08.2014,69.531
19.08.2014,69.554
20.08.2014,69.5135
21.08.2014,69.5
22.08.2014,69.495
25.08.2014,69.8175
26.08.2014,69.9315
27.08.2014,69.8765
28.08.2014,69.7805
29.08.2014,69.7145
01.09.2014,69.8355
02.09.2014,69.899
03.09.2014,69.909
04.09.2014,69.6645
05.09.2014,69.491
08.09.2014,69.439
09.09.2014,69.2165
10.09.2014,69.0805
11.09.2014,68.941
12.09.2014,68.5045
15.09.2014,68.358
16.09.2014,68.2695
17.09.2014,68.16
18.09.2014,68.0945
19.09.2014,68.56
22.09.2014,67.981
23.09.2014,67.726
24.09.2014,67.589
25.09.2014,67.505
26.09.2014,67.431
29.09.2014,67.1235
30.09.2014,67.039
01.10.2014,66.7715
02.10.2014,66.882
03.10.2014,66.681
06.10.2014,66.51
07.10.2014,66.484
08.10.2014,66.4445
09.10.2014,66.4325
10.10.2014,66.5795
13.10.2014,66.6905
14.10.2014,66.8035
15.10.2014,66.941
16.10.2014,67.115
17.10.2014,66.6585
20.10.2014,66.854
21.10.2014,66.892
22.10.2014,66.8715
23.10.2014,66.987
24.10.2014,67.1665
27.10.2014,67.5185
28.10.2014,67.576
29.10.2014,67.769
30.10.2014,68.098
31.10.2014,68.628
03.11.2014,68.7355
04.11.2014,68.9955
05.11.2014,69.022
06.11.2014,69.1185
07.11.2014,69.2475
10.11.2014,69.2405
11.11.2014,69.261
12.11.2014,69.278
13.11.2014,69.2025
14.11.2014,69.346
17.11.2014,69.46
18.11.2014,69.517
19.11.2014,69.6745
20.11.2014,69.6635
21.11.2014,69.789
24.11.2014,69.607
25.11.2014,69.7795
26.11.2014,69.915
27.11.2014,69.8765
28.11.2014,69.886
01.12.2014,69.937
02.12.2014,69.7145
03.12.2014,69.778
04.12.2014,69.9085
05.12.2014,69.9575
08.12.2014,69.778
09.12.2014,69.746
10.12.2014,69.7185
11.12.2014,69.6705
12.12.2014,69.6755
15.12.2014,69.672
16.12.2014,69.756
17.12.2014,69.7175
18.12.2014,69.744
19.12.2014,70.0285
22.12.2014,70.087
23.12.2014,70.156
29.12.2014,70.037
30.12.2014,70.1315
05.01.2015,69.7775
06.01.2015,69.7965
07.01.2015,69.8195
08.01.2015,69.9105
09.01.2015,69.849
12.01.2015,69.873
13.01.2015,69.9605
14.01.2015,70.0285
15.01.2015,70.078
16.01.2015,70.18
19.01.2015,70.0455
20.01.2015,69.958
21.01.2015,69.8335
22.01.2015,69.765
23.01.2015,69.6595
26.01.2015,69.1775
27.01.2015,69.0925
28.01.2015,69.0385
29.01.2015,68.9805
30.01.2015,68.858
02.02.2015,68.925
03.02.2015,68.9575
04.02.2015,69.023
05.02.2015,68.9895
06.02.2015,69.171
09.02.2015,68.9925
10.02.2015,68.8875
11.02.2015,68.702
12.02.2015,68.45
13.02.2015,68.293
16.02.2015,68.194
17.02.2015,68.177
18.02.2015,68.2045
19.02.2015,68.249
20.02.2015,68.6125
23.02.2015,68.632
24.02.2015,68.8585
25.02.2015,68.676
26.02.2015,69.031
27.02.2015,69.073
02.03.2015,69.261
03.03.2015,69.2225
04.03.2015,69.2535
05.03.2015,69.208
06.03.2015,69.0115
09.03.2015,68.945
10.03.2015,69.0345
11.03.2015,69.0655
12.03.2015,69.168
13.03.2015,69.1795
16.03.2015,69.2755
17.03.2015,69.273
18.03.2015,69.466
19.03.2015,69.391
20.03.2015,69.716
23.03.2015,69.6735
24.03.2015,69.415
25.03.2015,69.2925
26.03.2015,69.012
27.03.2015,68.679
30.03.2015,68.4315
31.03.2015,68.4025
01.04.2015,68.302
02.04.2015,68.223
07.04.2015,68.1205
08.04.2015,68.142
09.04.2015,68.1445
10.04.2015,68.1385
13.04.2015,68.217
14.04.2015,68.148
15.04.2015,68.054
16.04.2015,67.88
17.04.2015,67.9185
20.04.2015,68.0005
21.04.2015,67.314
22.04.2015,67.242
23.04.2015,67.2925
24.04.2015,67.4495
27.04.2015,67.399
28.04.2015,67.452
29.04.2015,67.4845
30.04.2015,67.52
04.05.2015,67.5705
05.05.2015,67.625
06.05.2015,67.781
07.05.2015,67.798
08.05.2015,67.6375
11.05.2015,67.548
12.05.2015,67.2875
13.05.2015,67.2755
15.05.2015,67.3785
18.05.2015,67.4735
19.05.2015,67.2185
20.05.2015,67.061
21.05.2015,67.0745
22.05.2015,67.023
26.05.2015,67.0045
27.05.2015,66.9065
28.05.2015,66.8385
29.05.2015,66.941
01.06.2015,66.745
02.06.2015,66.651
03.06.2015,66.4805
04.06.2015,66.3715
05.06.2015,66.1345
08.06.2015,66.1595
09.06.2015,66.106
10.06.2015,66.0795
11.06.2015,66.0355
12.06.2015,65.966
15.06.2015,65.9
16.06.2015,65.841
17.06.2015,65.82
18.06.2015,65.826
19.06.2015,66.388
22.06.2015,66.3045
23.06.2015,66.14
24.06.2015,66.025
25.06.2015,65.959
26.06.2015,65.7905
29.06.2015,66.01
30.06.2015,66.076
01.07.2015,66.2535
02.07.2015,66.347
03.07.2015,66.507
06.07.2015,66.6095
07.07.2015,66.7235
08.07.2015,66.834
09.07.2015,67.009
10.07.2015,67.1725
13.07.2015,67.2995
14.07.2015,67.591
15.07.2015,67.8115
16.07.2015,68.0165
17.07.2015,67.659
20.07.2015,67.8395
21.07.2015,68.0855
22.07.2015,68.1135
23.07.2015,68.1875
24.07.2015,68.317
27.07.2015,68.391
28.07.2015,68.401
29.07.2015,68.4735
30.07.2015,68.5555
31.07.2015,68.688
03.08.2015,68.6625
04.08.2015,68.791
05.08.2015,68.8605
06.08.2015,68.951
07.08.2015,68.9625
10.08.2015,68.698
11.08.2015,68.2785
12.08.2015,68.1325
13.08.2015,67.9325
14.08.2015,67.494
17.08.2015,67.492
18.08.2015,67.308
19.08.2015,67.5445
20.08.2015,67.4935
21.08.2015,67.628
24.08.2015,67.6305
25.08.2015,67.6145
26.08.2015,67.6155
27.08.2015,67.538
28.08.2015,67.3375
31.08.2015,67.4285
01.09.2015,67.3925
02.09.2015,67.4455
03.09.2015,67.27
04.09.2015,67.3545
07.09.2015,67.509
08.09.2015,67.7305
09.09.2015,67.7005
10.09.2015,67.814
11.09.2015,67.933
14.09.2015,67.912
15.09.2015,67.945
16.09.2015,67.705
17.09.2015,67.7935
18.09.2015,68.2385
21.09.2015,68.07
22.09.2015,67.9825
23.09.2015,67.7015
24.09.2015,67.5685
25.09.2015,67.4765
28.09.2015,67.121
29.09.2015,66.9145
30.09.2015,66.7615
01.10.2015,66.8305
02.10.2015,66.5915
05.10.2015,66.593
06.10.2015,66.4815
07.10.2015,66.332
08.10.2015,66.1845
09.10.2015,66.0905
12.10.2015,66.005
13.10.2015,65.965
14.10.2015,66.0255
15.10.2015,66.0145
16.10.2015,65.434
19.10.2015,65.377
20.10.2015,65.261
21.10.2015,65.1585
22.10.2015,65.1775
23.10.2015,65.2505
26.10.2015,65.2555
27.10.2015,65.3765
28.10.2015,65.3515
29.10.2015,65.346
30.10.2015,65.5515
02.11.2015,65.2965
03.11.2015,65.243
04.11.2015,65.1845
05.11.2015,65.094
06.11.2015,65.139
09.11.2015,65.121
10.11.2015,65.1795
11.11.2015,65.097
12.11.2015,64.9575
13.11.2015,64.795
16.11.2015,64.764
17.11.2015,64.8365
18.11.2015,64.952
19.11.2015,64.844
20.11.2015,65.0115
23.11.2015,64.982
24.11.2015,64.674
25.11.2015,64.509
26.11.2015,64.3375
27.11.2015,64.1885
30.11.2015,64.538
01.12.2015,64.5185
02.12.2015,64.3975
03.12.2015,64.3975
04.12.2015,64.3965
07.12.2015,64.327
08.12.2015,64.199
09.12.2015,64.251
10.12.2015,64.1375
11.12.2015,64.1095
14.12.2015,64.062
15.12.2015,64.009
16.12.2015,64.087
17.12.2015,64.2505
18.12.2015,64.6125
21.12.2015,64.7805
22.12.2015,65.018
23.12.2015,65.1685
28.12.2015,65.2595
29.12.2015,65.29
30.12.2015,65.14
04.01.2016,65.1595
05.01.2016,65.2535
06.01.2016,65.19
07.01.2016,65.223
08.01.2016,65.2005
11.01.2016,65.088
12.01.2016,64.9125
13.01.2016,65.023
14.01.2016,65.037
15.01.2016,65.246
18.01.2016,65.202
19.01.2016,65.111
20.01.2016,65.0225
21.01.2016,64.3005
22.01.2016,64.1425
25.01.2016,64.0295
26.01.2016,63.9015
27.01.2016,63.8805
28.01.2016,63.601
29.01.2016,63.466
01.02.2016,63.365
02.02.2016,63.2825
03.02.2016,63.179
04.02.2016,62.971
05.02.2016,62.7225
08.02.2016,62.819
09.02.2016,63.0115
10.02.2016,62.9425
11.02.2016,63.121
12.02.2016,63.02
15.02.2016,63.1965
16.02.2016,63.2615
17.02.2016,63.26
18.02.2016,63.359
19.02.2016,63.994
22.02.2016,64.21
23.02.2016,64.3415
24.02.2016,64.357
25.02.2016,64.5365
26.02.2016,64.531
29.02.2016,64.718
01.03.2016,64.873
02.03.2016,65.1215
03.03.2016,65.2905
04.03.2016,65.514
07.03.2016,65.485
08.03.2016,65.3205
09.03.2016,65.34
10.03.2016,65.2415
11.03.2016,65.1615
14.03.2016,64.947
15.03.2016,64.954
16.03.2016,64.6675
17.03.2016,64.599
18.03.2016,64.7085
21.03.2016,64.675
22.03.2016,64.516
23.03.2016,64.385
24.03.2016,64.2715
29.03.2016,64.035
30.03.2016,63.753
31.03.2016,63.7485
01.04.2016,63.588
04.04.2016,63.3855
05.04.2016,63.3215
06.04.2016,63.246
07.04.2016,63.3365
08.04.2016,63.3835
11.04.2016,63.3275
12.04.2016,63.32
13.04.2016,63.3255
14.04.2016,63.2865
15.04.2016,63.8285
18.04.2016,63.928
19.04.2016,63.2045
20.04.2016,63.064
21.04.2016,62.9585
22.04.2016,62.909
25.04.2016,62.904
26.04.2016,62.9955
27.04.2016,62.8645
28.04.2016,62.7675
29.04.2016,62.783
02.05.2016,63.011
03.05.2016,62.9845
04.05.2016,62.9385
06.05.2016,62.6035
09.05.2016,62.3985
10.05.2016,62.1145
11.05.2016,61.9005
12.05.2016,61.8395
13.05.2016,61.581
17.05.2016,61.0235
18.05.2016,60.806
19.05.2016,60.6825
20.05.2016,60.785
23.05.2016,60.9825
24.05.2016,61.0815
25.05.2016,60.9955
26.05.2016,60.996
27.05.2016,61.163
30.05.2016,61.412
31.05.2016,61.885
01.06.2016,61.875
02.06.2016,62.0165
03.06.2016,62.141
06.06.2016,62.401
07.06.2016,62.5195
08.06.2016,62.732
09.06.2016,62.8325
10.06.2016,62.884
13.06.2016,63.104
14.06.2016,63.467
15.06.2016,63.694
16.06.2016,64.005
17.06.2016,64.7465
20.06.2016,64.8255
21.06.2016,64.8725
22.06.2016,64.994
23.06.2016,65.082
24.06.2016,65.133
27.06.2016,64.912
28.06.2016,64.3785
29.06.2016,64.3315
30.06.2016,64.422
01.07.2016,64.5055
04.07.2016,64.671
05.07.2016,64.758
06.07.2016,64.7475
07.07.2016,64.87
08.07.2016,64.9095
11.07.2016,64.9985
12.07.2016,64.7965
13.07.2016,64.801
14.07.2016,64.717
15.07.2016,63.8785
18.07.2016,63.794
19.07.2016,63.842
20.07.2016,63.874
21.07.2016,63.8825
22.07.2016,63.895
25.07.2016,63.8575
26.07.2016,64.0535
27.07.2016,64.1195
28.07.2016,64.057
29.07.2016,64.201
02.08.2016,63.9385
03.08.2016,63.81
04.08.2016,63.7125
05.08.2016,63.4895
08.08.2016,63.475
09.08.2016,63.37
10.08.2016,63.431
11.08.2016,63.3435
12.08.2016,63.15
15.08.2016,63.183
16.08.2016,63.2415
17.08.2016,63.012
18.08.2016,63.062
19.08.2016,63.203
22.08.2016,63.1285
23.08.2016,63.211
24.08.2016,63.062
25.08.2016,62.891
26.08.2016,62.7555
29.08.2016,62.8475
30.08.2016,63.076
31.08.2016,63.351
01.09.2016,63.469
02.09.2016,63.7255
05.09.2016,64.0185
06.09.2016,64.1365
07.09.2016,64.239
08.09.2016,64.213
09.09.2016,64.3565
12.09.2016,64.442
13.09.2016,64.3395
14.09.2016,64.4925
15.09.2016,64.419
16.09.2016,65.012
19.09.2016,65.197
20.09.2016,65.223
21.09.2016,65.2625
22.09.2016,65.336
23.09.2016,65.4695
26.09.2016,65.313
27.09.2016,65.2225
28.09.2016,65.055
29.09.2016,65.107
30.09.2016,65.206
03.10.2016,64.9025
04.10.2016,64.833
05.10.2016,64.7755
06.10.2016,64.781
07.10.2016,64.7405
10.10.2016,64.4465
11.10.2016,64.3975
12.10.2016,64.309
13.10.2016,64.1385
14.10.2016,63.215
17.10.2016,63.0855
18.10.2016,62.912
19.10.2016,62.854
20.10.2016,62.882
21.10.2016,62.803
24.10.2016,62.6825
25.10.2016,62.64
26.10.2016,62.57
27.10.2016,62.459
28.10.2016,62.3665
31.10.2016,62.4865
01.11.2016,62.4785
02.11.2016,62.5615
03.11.2016,62.6945
04.11.2016,62.7265
07.11.2016,63.1515
08.11.2016,63.356
09.11.2016,63.628
10.11.2016,63.979
11.11.2016,64.3275
14.11.2016,64.4705
15.11.2016,64.6615
16.11.2016,64.828
17.11.2016,64.922
18.11.2016,65.1145
21.11.2016,65.1725
22.11.2016,65.2315
23.11.2016,65.238
24.11.2016,65.4905
25.11.2016,65.609
28.11.2016,65.6395
29.11.2016,65.717
30.11.2016,66.1085
01.12.2016,66.114
02.12.2016,66.0025
05.12.2016,65.8015
06.12.2016,65.728
07.12.2016,65.641
08.12.2016,65.427
09.12.2016,65.349
12.12.2016,65.3895
13.12.2016,65.466
14.12.2016,65.395
15.12.2016,65.404
16.12.2016,65.9565
19.12.2016,66.073
20.12.2016,66.2295
21.12.2016,66.3645
22.12.2016,66.245
23.12.2016,66.2265
27.12.2016,66.405
28.12.2016,66.4115
29.12.2016,66.045
30.12.2016,66.452
03.01.2017,66.6425
04.01.2017,66.633
05.01.2017,66.6095
06.01.2017,66.5965
09.01.2017,66.822
10.01.2017,66.975
11.01.2017,66.9175
12.01.2017,66.9155
13.01.2017,67.036
16.01.2017,67.2345
17.01.2017,66.767
18.01.2017,66.7105
19.01.2017,66.6305
20.01.2017,67.0735
23.01.2017,67.1125
24.01.2017,67.027
25.01.2017,66.877
26.01.2017,66.845
27.01.2017,66.651
30.01.2017,66.173
31.01.2017,66.088
01.02.2017,66.0975
02.02.2017,66.0765
03.02.2017,66.1155
06.02.2017,66.1905
07.02.2017,66.161
08.02.2017,66.2195
09.02.2017,66.2615
10.02.2017,66.241
13.02.2017,66.106
14.02.2017,65.8145
15.02.2017,65.692
16.02.2017,65.5665
17.02.2017,65.577
20.02.2017,65.599
21.02.2017,65.609
22.02.2017,65.5255
23.02.2017,65.5385
24.02.2017,65.7085
27.02.2017,65.758
28.02.2017,65.8655
01.03.2017,65.9865
02.03.2017,66.0175
03.03.2017,66.0215
06.03.2017,65.9725
07.03.2017,65.857
08.03.2017,65.838
09.03.2017,65.7695
10.03.2017,65.836
13.03.2017,65.894
14.03.2017,66.091
15.03.2017,66.345
16.03.2017,66.5445
17.03.2017,66.9765
20.03.2017,67.141
21.03.2017,67.178
22.03.2017,67.2175
23.03.2017,67.2775
24.03.2017,67.1775
27.03.2017,67.2875
28.03.2017,67.347
29.03.2017,67.1935
30.03.2017,67.2895
31.03.2017,67.441
03.04.2017,67.4645
04.04.2017,67.521
05.04.2017,67.6945
06.04.2017,67.7235
07.04.2017,67.6885
10.04.2017,67.658
11.04.2017,67.6705
12.04.2017,67.708
13.04.2017,67.6545
18.04.2017,66.822
19.04.2017,66.631
20.04.2017,66.508
21.04.2017,66.613
24.04.2017,66.6695
25.04.2017,66.7795
26.04.2017,66.7225
27.04.2017,66.6125
28.04.2017,66.743
02.05.2017,67.0945
03.05.2017,67.064
04.05.2017,67.04
05.05.2017,66.9945
08.05.2017,66.842
09.05.2017,66.8155
10.05.2017,66.7555
11.05.2017,66.645
12.05.2017,67.061
15.05.2017,66.8265
16.05.2017,66.723
17.05.2017,66.6625
18.05.2017,66.584
19.05.2017,66.898
22.05.2017,66.7495
23.05.2017,66.64
24.05.2017,66.6905
26.05.2017,66.6195
29.05.2017,66.884
30.05.2017,66.8615
31.05.2017,66.8075
01.06.2017,66.6015
02.06.2017,66.443
06.06.2017,66.2435
07.06.2017,66.14
08.06.2017,65.997
09.06.2017,65.974
12.06.2017,65.9425
13.06.2017,65.3875
14.06.2017,65.46
15.06.2017,65.533
16.06.2017,66.262
19.06.2017,66.325
20.06.2017,66.2255
21.06.2017,66.3265
22.06.2017,66.2195
23.06.2017,65.9775
26.06.2017,65.92
27.06.2017,65.719
28.06.2017,65.617
29.06.2017,65.3555
30.06.2017,65.5985
03.07.2017,65.798
04.07.2017,66.288
05.07.2017,66.446
06.07.2017,66.6695
07.07.2017,66.8235
10.07.2017,66.9855
11.07.2017,67.0455
12.07.2017,67.083
13.07.2017,67.1455
14.07.2017,66.5005
17.07.2017,66.558
18.07.2017,66.457
19.07.2017,66.388
20.07.2017,66.4265
21.07.2017,66.714
24.07.2017,66.898
25.07.2017,66.864
26.07.2017,66.841
27.07.2017,66.6805
28.07.2017,66.457
31.07.2017,66.566
02.08.2017,66.258
03.08.2017,66.255
04.08.2017,66.149
07.08.2017,66.2165
08.08.2017,66.229
09.08.2017,66.29
10.08.2017,66.3305
11.08.2017,66.452
14.08.2017,66.48
15.08.2017,66.553
16.08.2017,66.633
17.08.2017,66.77
18.08.2017,67.0455
21.08.2017,67.108
22.08.2017,67.2215
23.08.2017,67.23
24.08.2017,67.4535
25.08.2017,67.735
28.08.2017,68.058
29.08.2017,68.041
30.08.2017,68.248
31.08.2017,68.3895
01.09.2017,68.569
04.09.2017,68.699
05.09.2017,68.7955
06.09.2017,68.848
07.09.2017,68.856
08.09.2017,68.78
11.09.2017,68.7765
12.09.2017,68.784
13.09.2017,68.7375
14.09.2017,68.726
15.09.2017,69.3615
18.09.2017,69.3235
19.09.2017,69.222
20.09.2017,69.33
21.09.2017,69.257
22.09.2017,69.1635
25.09.2017,69.021
26.09.2017,68.9105
27.09.2017,68.797
28.09.2017,68.688
29.09.2017,68.757
02.10.2017,68.546
03.10.2017,68.5535
04.10.2017,68.732
05.10.2017,68.782
06.10.2017,68.8475
09.10.2017,68.913
10.10.2017,68.971
11.10.2017,69.1855
12.10.2017,69.272
13.10.2017,68.4995
16.10.2017,68.557
17.10.2017,68.618
18.10.2017,68.5145
19.10.2017,68.543
20.10.2017,68.698
23.10.2017,68.9445
24.10.2017,68.996
25.10.2017,69.0705
26.10.2017,69.113
27.10.2017,69.0325
30.10.2017,69.138
31.10.2017,69.114
01.11.2017,68.8105
02.11.2017,68.7255
03.11.2017,68.768
06.11.2017,68.906
07.11.2017,68.944
08.11.2017,68.8935
09.11.2017,68.9555
10.11.2017,69.023
13.11.2017,69.0305
14.11.2017,69.0065
15.11.2017,69.048
16.11.2017,69.161
17.11.2017,69.3465
20.11.2017,69.159
21.11.2017,69.171
22.11.2017,69.2065
23.11.2017,69.324
24.11.2017,69.462
27.11.2017,69.672
28.11.2017,69.6775
29.11.2017,69.9415
30.11.2017,70.3225
01.12.2017,70.3555
04.12.2017,70.3375
05.12.2017,70.248
06.12.2017,70.1845
07.12.2017,70.1735
08.12.2017,70.1365
11.12.2017,70.2495
12.12.2017,70.3465
13.12.2017,70.466
14.12.2017,70.502
15.12.2017,70.9445
18.12.2017,71.067
19.12.2017,71.117
20.12.2017,71.08
21.12.2017,71.0285
22.12.2017,70.9275
27.12.2017,70.7925
28.12.2017,70.751
29.12.2017,71.0515
03.01.2018,71.099
04.01.2018,71.3795
05.01.2018,71.6405
08.01.2018,72.0635
09.01.2018,72.372
10.01.2018,72.609
11.01.2018,72.9875
12.01.2018,73.0875
15.01.2018,73.261
16.01.2018,73.3465
17.01.2018,73.3825
18.01.2018,72.8565
19.01.2018,73.0805
22.01.2018,73.213
23.01.2018,73.307
24.01.2018,73.365
25.01.2018,73.4045
26.01.2018,73.3865
29.01.2018,73.4775
30.01.2018,73.247
31.01.2018,72.918
01.02.2018,72.6105
02.02.2018,72.2395
05.02.2018,72.0435
06.02.2018,71.9745
07.02.2018,71.8775
08.02.2018,71.6085
09.02.2018,71.567
12.02.2018,71.518
13.02.2018,71.5725
14.02.2018,71.568
15.02.2018,71.5035
16.02.2018,71.487
19.02.2018,71.466
20.02.2018,71.4755
21.02.2018,71.4315
22.02.2018,71.4335
23.02.2018,71.45
26.02.2018,71.453
27.02.2018,71.4345
28.02.2018,71.566
01.03.2018,71.6775
02.03.2018,71.77
05.03.2018,71.893
06.03.2018,71.8915
07.03.2018,71.7515
08.03.2018,71.731
09.03.2018,71.433
12.03.2018,71.32
13.03.2018,71.3215
14.03.2018,71.347
15.03.2018,71.401
16.03.2018,71.8285
19.03.2018,71.808
20.03.2018,71.716
21.03.2018,71.7185
22.03.2018,71.834
23.03.2018,71.9835
26.03.2018,72.026
27.03.2018,72.0305
28.03.2018,72.0355
29.03.2018,72.12
03.04.2018,72.179
04.04.2018,72.0535
05.04.2018,72.0025
06.04.2018,72.074
09.04.2018,72.242
10.04.2018,72.4785
11.04.2018,72.6055
12.04.2018,72.604
13.04.2018,72.726
16.04.2018,72.7425
17.04.2018,72.006
18.04.2018,71.91
19.04.2018,71.981
20.04.2018,72.0905
23.04.2018,72.001
24.04.2018,71.7495
25.04.2018,71.7185
26.04.2018,71.643
27.04.2018,71.54
30.04.2018,71.5965
02.05.2018,71.5515
03.05.2018,71.4895
04.05.2018,71.4275
07.05.2018,71.444
08.05.2018,71.449
09.05.2018,71.432
11.05.2018,71.105
14.05.2018,70.945
15.05.2018,70.748
16.05.2018,70.613
17.05.2018,70.5955
18.05.2018,70.7155
22.05.2018,70.629
23.05.2018,70.601
24.05.2018,70.5865
25.05.2018,70.7425
28.05.2018,71.032
29.05.2018,71.283
30.05.2018,71.3905
31.05.2018,71.589
01.06.2018,71.628
04.06.2018,71.782
05.06.2018,71.9305
06.06.2018,71.9015
07.06.2018,71.7865
08.06.2018,71.7215
11.06.2018,72.1385
12.06.2018,72.221
13.06.2018,72.3245
14.06.2018,72.4015
15.06.2018,73.1215
18.06.2018,73.0985
19.06.2018,73.227
20.06.2018,73.1185
21.06.2018,73.165
22.06.2018,73.223
25.06.2018,72.9475
26.06.2018,72.762
27.06.2018,72.6755
28.06.2018,72.1575
29.06.2018,72.306
02.07.2018,72.208
03.07.2018,72.089
04.07.2018,72.0875
05.07.2018,72.0495
06.07.2018,72.0925
09.07.2018,71.852
10.07.2018,71.8635
11.07.2018,71.7495
12.07.2018,71.7285
13.07.2018,71.1385
16.07.2018,71.1265
17.07.2018,71.0755
18.07.2018,70.942
20.07.2018,71.0095
23.07.2018,70.8525
24.07.2018,70.6725
25.07.2018,70.5835
26.07.2018,70.611
27.07.2018,70.6055
30.07.2018,70.3905
31.07.2018,70.3485
02.08.2018,70.1465
03.08.2018,70.045
06.08.2018,70.034
07.08.2018,69.85
08.08.2018,69.7775
09.08.2018,69.6435
10.08.2018,69.775
13.08.2018,69.71
14.08.2018,69.574
15.08.2018,69.5455
16.08.2018,69.661
17.08.2018,69.8585
20.08.2018,69.8585
21.08.2018,69.8585
22.08.2018,69.961
23.08.2018,69.899
24.08.2018,69.8195
27.08.2018,70.0055
28.08.2018,69.993
29.08.2018,69.898
30.08.2018,70.0195
31.08.2018,70.3585
03.09.2018,70.439
04.09.2018,70.6145
05.09.2018,70.6535
06.09.2018,70.789
07.09.2018,70.6315
10.09.2018,70.5885
11.09.2018,70.6665
12.09.2018,70.6155
13.09.2018,70.4995
14.09.2018,70.415
17.09.2018,70.314
18.09.2018,70.38
19.09.2018,70.4885
20.09.2018,70.664
21.09.2018,71.4265
24.09.2018,71.444
25.09.2018,71.478
26.09.2018,71.5915
27.09.2018,71.6355
28.09.2018,71.416
01.10.2018,71.3575
02.10.2018,71.312
03.10.2018,71.381
04.10.2018,71.347
05.10.2018,71.2835
08.10.2018,71.257
09.10.2018,71.169
10.10.2018,71.0975
11.10.2018,71.1625
12.10.2018,71.0845
15.10.2018,71.0815
16.10.2018,71.0775
17.10.2018,71.014
18.10.2018,70.7525
19.10.2018,70.0395
22.10.2018,69.851
23.10.2018,69.608
24.10.2018,69.389
25.10.2018,69.2955
26.10.2018,69.183
29.10.2018,69.2845
30.10.2018,69.337
31.10.2018,69.445
01.11.2018,69.4015
02.11.2018,69.5065
05.11.2018,69.6435
06.11.2018,69.5985
07.11.2018,69.7005
08.11.2018,69.6965
09.11.2018,69.703
12.11.2018,69.731
13.11.2018,69.741
14.11.2018,69.7815
15.11.2018,69.974
16.11.2018,70.1775
19.11.2018,70.4035
20.11.2018,70.57
21.11.2018,70.805
22.11.2018,70.913
23.11.2018,70.951
26.11.2018,70.9835
27.11.2018,70.932
28.11.2018,70.716
29.11.2018,70.756
30.11.2018,71.0555
03.12.2018,70.9865
04.12.2018,71.124
05.12.2018,71.118
06.12.2018,71.075
07.12.2018,71.048
10.12.2018,71.0295
11.12.2018,70.977
12.12.2018,70.973
13.12.2018,70.8625
14.12.2018,70.5945
17.12.2018,70.4805
18.12.2018,70.508
19.12.2018,70.514
20.12.2018,70.4595
21.12.2018,71.0475
27.12.2018,71.085
28.12.2018,71.347
03.01.2019,71.3165
04.01.2019,71.4295
07.01.2019,71.1395
08.01.2019,71.122
09.01.2019,71.092
10.01.2019,71.0305
11.01.2019,70.9835
14.01.2019,70.885
15.01.2019,70.7845
16.01.2019,70.7125
17.01.2019,70.671
18.01.2019,70.965
21.01.2019,71.1345
22.01.2019,71.131
23.01.2019,71.0975
24.01.2019,70.8905
25.01.2019,70.764
28.01.2019,70.2055
29.01.2019,70.021
30.01.2019,69.5585
31.01.2019,69.728
01.02.2019,69.604
04.02.2019,69.672
05.02.2019,69.7125
06.02.2019,69.798
07.02.2019,69.899
08.02.2019,70.002
11.02.2019,70.3695
12.02.2019,70.528
13.02.2019,70.65
14.02.2019,70.658
15.02.2019,70.8775
18.02.2019,70.9555
19.02.2019,71.111
20.02.2019,71.16
21.02.2019,71.2375
22.02.2019,71.512
25.02.2019,71.4645
26.02.2019,71.5285
27.02.2019,71.7775
28.02.2019,71.874
01.03.2019,71.9675
04.03.2019,72.0015
05.03.2019,72.1665
06.03.2019,72.204
07.03.2019,72.2955
08.03.2019,72.363
11.03.2019,72.372
12.03.2019,72.416
13.03.2019,72.4355
14.03.2019,72.489
15.03.2019,72.861
18.03.2019,72.7865
19.03.2019,72.6895
20.03.2019,72.808
21.03.2019,73.06
22.03.2019,73.102
25.03.2019,73.308
26.03.2019,73.3795
27.03.2019,73.4055
28.03.2019,73.2355
29.03.2019,73.3115
01.04.2019,73.41
02.04.2019,73.269
03.04.2019,73.2575
04.04.2019,73.127
05.04.2019,73.064
08.04.2019,72.906
09.04.2019,72.947
10.04.2019,73.065
11.04.2019,73.2035
12.04.2019,72.49
15.04.2019,72.5615
16.04.2019,72.6375
17.04.2019,72.42
18.04.2019,72.362
23.04.2019,72.128
24.04.2019,71.894
25.04.2019,71.7415
26.04.2019,71.7335
29.04.2019,71.84
30.04.2019,71.9815
02.05.2019,71.8195
03.05.2019,71.941
06.05.2019,72.08
07.05.2019,72.092
08.05.2019,72.09
09.05.2019,72.195
10.05.2019,72.147
13.05.2019,72.1565
14.05.2019,71.9485
15.05.2019,72.0595
16.05.2019,71.965
17.05.2019,71.962
20.05.2019,72.1005
21.05.2019,71.8785
22.05.2019,71.968
23.05.2019,72.0915
24.05.2019,72.1975
27.05.2019,72.419
28.05.2019,72.838
29.05.2019,72.596
31.05.2019,72.4865
03.06.2019,72.5235
04.06.2019,72.3645
05.06.2019,72.3705
06.06.2019,72.492
07.06.2019,72.4995
11.06.2019,72.511
12.06.2019,72.4205
13.06.2019,72.6055
14.06.2019,72.5985
17.06.2019,72.6555
18.06.2019,72.72
19.06.2019,72.898
20.06.2019,73.2155
21.06.2019,73.9605
24.06.2019,74.113
25.06.2019,74.1785
26.06.2019,74.075
