Datum,Novartis,Abbvie,Merck & Co.,Eli Lilly
04/23/2019,0,0,0,0
04/24/2019,2.44,0.01,0.17,0.43
04/25/2019,5.21,0.86,2.33,0.63
04/26/2019,6.01,1.32,2.72,2.03
04/29/2019,6.01,2.08,2.92,1.8
04/30/2019,6.79,0.93,5.51,-0.38
05/01/2019,,0.29,5.52,0.59
05/02/2019,6.71,-0.24,6.6,0.83
05/03/2019,7.41,0.06,7.24,-0.49
05/06/2019,7.44,0.76,6.54,-0.71
05/07/2019,6.45,-0.9,4.42,-2.17
05/08/2019,7.19,-0.85,4.8,-1.06
05/09/2019,4.84,-0.95,5,-1.44
05/10/2019,5.42,-1.54,4.81,-1.08
05/13/2019,3.62,-2.28,3.45,-2.66
05/14/2019,4.57,-0.28,3.78,-2.17
05/15/2019,5.59,0.15,3.95,-1.59
05/16/2019,7.6,1.07,6.07,-0.65
05/17/2019,7.93,1.02,5.52,-1.26
05/20/2019,6.43,1.47,5.74,-1.07
05/21/2019,7.3,2.82,6.57,-0.77
05/22/2019,8.03,3.72,8.55,0.42
05/23/2019,8.7,3.17,8.61,-0.58
05/24/2019,11.97,1.78,8.81,-0.6
05/27/2019,13.6,,,
05/28/2019,13.53,-0.8,7.59,-1.47
05/29/2019,11.55,-0.76,6.38,-1.7
05/30/2019,,-1.33,6.81,-1.35
05/31/2019,10.5,-2.48,6.18,-1.32
06/03/2019,12.26,-3.76,7.59,-0.61
06/04/2019,11.55,-2.43,8.69,0.06
06/05/2019,11.96,-2.03,9.5,-0.4
06/06/2019,12.08,-2.02,9.17,0.01
06/07/2019,12.04,-1.56,10.54,0.73
06/10/2019,,-2.17,10.56,-3.03
06/11/2019,12.59,-0.62,11.23,-4.49
06/12/2019,13.38,-0.11,12.21,-1.92
06/13/2019,14.22,0.37,11.13,-4.83
06/14/2019,14.75,0.04,10.97,-4.89
06/17/2019,15.09,-0.01,11.66,-3.48
06/18/2019,17.34,-0.52,13.26,-2.42
06/19/2019,16.73,-1.33,14.42,-1.92
06/20/2019,16.91,-0.41,13.4,-1.64
06/21/2019,15.66,0.15,13.36,-1.7
06/24/2019,15.79,-0.27,14.62,-1.58
06/25/2019,16.66,-16.48,14.26,-1.81
06/26/2019,14.24,-13.55,11.98,-5.23
06/27/2019,14.49,-11.01,12.37,-5.12
06/28/2019,14.48,-7.55,12.4,-5.7
07/01/2019,15.85,-6.69,13.61,-4.04
07/02/2019,16.45,-5.63,14.62,-2.8
07/03/2019,16.83,-4.7,16.49,-2.61
07/04/2019,16.44,,,
07/05/2019,15.18,-7.21,14.75,-3.97
07/08/2019,15.72,-9.46,12.65,-5.08
07/09/2019,16.53,-9.43,13.75,-3.75
07/10/2019,15.94,-8.91,13.7,-2.52
07/11/2019,14.85,-9.43,8.58,-6.53
07/12/2019,11.83,-10.65,6.88,-7.83
07/15/2019,12.64,-10.67,8.53,-7.68
07/16/2019,12.97,-12.08,9.37,-7.38
07/17/2019,15.08,-13.15,9.81,-8.85
07/18/2019,18.66,-13.23,10.84,-7.79
07/19/2019,18.97,-12.87,9.1,-9.11
07/22/2019,18.71,-13.55,8.86,-8.7
07/23/2019,18.65,-13.9,9.96,-7.89
07/24/2019,17.56,-14.24,9.58,-7.63
07/25/2019,17.33,-15.26,9.58,-8.23
07/26/2019,18.65,-13.86,9.16,-7.85
07/29/2019,17.48,-14.59,10.58,-7.46
07/30/2019,16.45,-14.59,11.62,-7.49
07/31/2019,17.38,-15.31,11.25,-7.27
08/01/2019,,-16.35,12.19,-5.94
08/02/2019,15.96,-16.92,13.23,-4.32
08/05/2019,14.19,-17.07,11.42,-7.47
08/06/2019,13.81,-17.66,13.07,-5.18
08/07/2019,10.5,-18.05,12.94,-5.42
08/08/2019,14.22,-16.79,13.58,-3
08/09/2019,13.24,-16.63,14.64,-3.17
08/12/2019,14.17,-17.96,13.97,-3.31
08/13/2019,13.75,-17.35,15.39,-1.52
08/14/2019,12.42,-19.27,11.8,-6.13
08/15/2019,10.96,-19.93,11.88,-6.18
08/16/2019,12.32,-18.09,14.02,-5.93
08/19/2019,12.79,-15.38,15.54,-4.22
08/20/2019,12.47,-15.57,14.81,-5.52
08/21/2019,13.65,-14.14,16.5,-5.13
08/22/2019,12.63,-14.16,16.25,-5
08/23/2019,12.09,-16.13,13.86,-6.79
08/26/2019,10.83,-15.51,15.12,-4.86
08/27/2019,13.21,-16.51,14.64,-5.75
08/28/2019,12.44,-16.01,15.92,-5.55
08/29/2019,12.74,-15.81,16.25,-4.46
08/30/2019,14.23,-16.43,15.91,-3.85
09/02/2019,13.73,,,
09/03/2019,13.1,-16.86,16.15,-3
09/04/2019,12.59,-15.61,15.35,-3.61
09/05/2019,13.17,-14.79,15.42,-2.46
09/06/2019,14.09,-14.04,16.05,-2.93
09/09/2019,13.63,-15.2,11.89,-5.46
09/10/2019,12.05,-13.32,9.5,-5.44
09/11/2019,12.85,-11.66,11.15,-4.94
09/12/2019,12.94,-9.95,11.68,-5.12
09/13/2019,11.22,-10.36,10.74,-5.62
09/16/2019,10.18,-10.27,9.96,-6.26
09/17/2019,10.24,-8.98,10.6,-5.42
09/18/2019,10.09,-9.39,11.29,-4.06
09/19/2019,10.22,-8.89,12.56,-2.67
09/20/2019,10.7,-7.97,14.16,-1.13
09/23/2019,9.92,-7.28,13.08,-2.82
09/24/2019,9.97,-7.26,12.06,-3.61
09/25/2019,9,-8.35,11.39,-5.19
09/26/2019,10.5,-5.89,12.44,-4.83
09/27/2019,10.86,-4.84,11.14,-4.36
09/30/2019,11.06,-3.74,12.84,-4.82
10/01/2019,9.84,-6.9,12.08,-5.56
10/02/2019,8,-8.3,9.41,-8.93
10/03/2019,8.59,-6.11,10.91,-8.68
10/04/2019,9.25,-5.09,13.94,-7.91
10/07/2019,10.24,-5.5,13.12,-8.22
10/08/2019,8.71,-6.52,11.65,-8.77
10/09/2019,9.09,-6.81,12.84,-8.67
10/10/2019,9.6,-5.35,12.28,-9
10/11/2019,11.25,-6.39,13.06,-7.77
10/14/2019,10.32,-6.23,13.53,-8.16
10/15/2019,10.79,-5.29,13.99,-6.63
10/16/2019,10.88,-4.97,13.2,-8.12
10/17/2019,10.55,-4.47,12.33,-7.69
10/18/2019,9.74,-2.8,13.51,-7.53
10/21/2019,9.27,-1.73,13.3,-8.15
10/22/2019,10.31,-1,8.98,-6.51
10/23/2019,9.69,-1.16,11.09,-8.59
10/24/2019,10.84,-2.36,10.7,-8.21
10/25/2019,11.52,-2.71,10.27,-6.2
10/28/2019,11.47,-0.42,10.19,-3.83
10/29/2019,12.47,-0.24,14.08,-4.95
10/30/2019,11.38,1.27,15.58,-4.06
10/31/2019,10.48,1.13,16.17,-3.01
11/01/2019,10.95,3.93,13.86,-4.24
11/04/2019,12.11,5.5,12.47,-3.73
11/05/2019,11.07,4.04,11.15,-5.31
11/06/2019,11.59,4.35,11.6,-3.12
11/07/2019,10.96,4.26,11.1,-4.02
11/08/2019,12.29,8.33,12.05,-3.37
11/11/2019,13.09,8.9,11.64,-3.99
11/12/2019,13.96,9.89,12.76,-3.68
11/13/2019,13.87,10.17,13.7,-4
11/14/2019,13.22,11.4,13.34,-5.19
11/15/2019,13.83,12.67,13.81,-3.66
11/18/2019,14.48,12.8,12.77,-2.91
11/19/2019,14.49,13.17,13.47,-2.03
11/20/2019,15.32,10.86,14.3,-2.45
11/21/2019,14.96,9.99,14.56,-2.33
11/22/2019,15.22,9.39,14.54,-1.1
11/25/2019,16.58,11.57,14.88,-0.02
11/26/2019,17.43,11.52,17.08,-0.34
11/27/2019,18.19,12.29,17.44,-0.04
11/28/2019,18.51,,,
11/29/2019,18.15,11.53,16.86,-0.12
12/02/2019,16.02,10.64,16.68,-0.64
12/03/2019,14.8,9.27,17.13,0.1
12/04/2019,15.71,10.86,18.86,1
12/05/2019,16.07,10.25,18.97,1.94
12/06/2019,17.15,10.58,19.1,1.83
12/09/2019,17.02,9.89,18.93,2.34
12/10/2019,17.12,10.04,19.44,2.69
12/11/2019,17.2,10.22,19.28,2.8
12/12/2019,17.13,12.8,20.07,3.58
12/13/2019,17.06,11.67,19.56,3.44
12/16/2019,17.47,13.69,19.69,4.56
12/17/2019,17.9,14.52,19.33,6.67
12/18/2019,17.53,13.56,20.13,10.21
12/19/2019,18.26,12.85,20.63,11.37
12/20/2019,18.85,13.51,22.76,12.72
12/23/2019,19.61,14.73,22.98,11.63
12/24/2019,,14.23,22.57,11.59
12/26/2019,,14.2,22.44,11.62
12/27/2019,19.49,13.4,22.65,11.94
12/30/2019,17.94,12.53,22.02,11.75
12/31/2019,,12.56,21.92,11.86
01/02/2020,,13.84,23.38,12.53
01/03/2020,18.43,12.76,22.32,12.15
01/06/2020,18.19,13.65,22.84,12.57
01/07/2020,18.51,13.01,19.57,12.78
01/08/2020,17.88,13.81,18.77,13.81
01/09/2020,18.53,14.68,19.81,15.69
01/10/2020,17.61,13.22,20.01,17.46
01/13/2020,16.85,12.53,19.99,18.26
01/14/2020,17.12,12.13,20.55,19.71
01/15/2020,17.65,13.48,22.71,20.1
01/16/2020,17.59,13.48,22.23,20.38
01/17/2020,19.07,11.87,21.94,18.8
01/20/2020,18.99,,,
01/21/2020,19.21,11.86,20.6,19.93
01/22/2020,18.26,10.87,20.17,20.49
01/23/2020,17.84,8.4,18.71,20.19
01/24/2020,17.49,6.2,15.25,18.37
01/27/2020,16.41,6.81,15.42,17.72
01/28/2020,18.83,6.5,15.62,18.53
01/29/2020,20.29,5.77,16.94,19.09
01/30/2020,18.37,3.97,15.95,21.43
01/31/2020,17,3,14.53,18.85
02/03/2020,17.36,4.63,17.08,20.01
02/04/2020,18.35,7.25,18.45,22.09
02/05/2020,20.14,10.13,15.05,25.41
02/06/2020,20.73,10.83,14.85,25.37
02/07/2020,20.35,17.33,14.05,24.61
02/10/2020,21.37,20.46,14.83,23.85
02/11/2020,22.78,22.04,14.28,22.78
02/12/2020,22.78,24.32,11.6,22.15
02/13/2020,22.97,21.22,9.88,20.69
02/14/2020,22.72,19.57,10.79,20.11
02/17/2020,22.64,,,
02/18/2020,22.43,19.01,10.54,20.02
02/19/2020,22.97,19.68,9.92,19.87
02/20/2020,21.35,19.79,10.58,20.86
02/21/2020,21.15,20.72,10.38,20.9
02/24/2020,17.16,18.41,9.02,17.58
02/25/2020,11.37,13.37,7.6,15.25
02/26/2020,10.93,12.4,7.16,13.65
02/27/2020,9.15,8.59,4.66,9.96
02/28/2020,4.27,8.96,2.63,7.35
03/02/2020,5.24,12.75,9.08,13.06
03/03/2020,4.04,11.33,6.07,10.91
03/04/2020,6.16,16.64,11.22,19.48
03/05/2020,5.35,15.19,9.36,19.29
03/06/2020,1.73,12.92,10.19,20.4
03/09/2020,-2.41,8.4,5.84,15.52
03/10/2020,-0.8,11.28,9.95,20.17
03/11/2020,-0.48,7.87,6.23,19.18
03/12/2020,-10.22,-0.06,-0.2,7.26
03/13/2020,-8.94,8.53,2.88,18.62
03/16/2020,-9.92,-5.58,-6.27,10.12
03/17/2020,-5.11,-7.17,-0.16,21.88
03/18/2020,-7.57,-9.7,-3.98,21.79
03/19/2020,-2.85,-9.66,-5.19,13.28
03/20/2020,-5.03,-12.51,-4.34,4.18
03/23/2020,-10.14,-18,-10.99,1.33
03/24/2020,-6.87,-14.2,-7.44,4.6
03/25/2020,-4.31,-13.67,-8.55,3.79
03/26/2020,-1.28,-6.14,-1.43,14.35
03/27/2020,-2.46,-7.62,-3.85,14.15
03/30/2020,-0.15,-4.35,3.15,17.83
03/31/2020,2.48,-3.14,3.14,18.07
04/01/2020,1.26,-6.66,-1.07,16.11
04/02/2020,3.67,-4.49,3.04,21.01
04/03/2020,4.79,-6.73,2.21,18.87
04/06/2020,6.9,-3.72,7.65,20.53
04/07/2020,6.26,-4.16,5.31,20.76
04/08/2020,5.81,-0.13,9.41,24.45
04/09/2020,5.39,1.39,10.58,24.04
04/13/2020,,2.08,7.96,22.92
04/14/2020,6.26,4.41,11.05,28.62
04/15/2020,5.52,4.02,10.01,28.67
04/16/2020,8.57,4.07,11.26,31.7
04/17/2020,10.37,6.09,11.88,33.88
04/20/2020,12.55,6.78,11.39,34.3
04/21/2020,10.14,2.16,5.31,29.94
04/22/2020,11.07,3.57,7.21,33.38
04/23/2020,10.96,4.3,8.42,36.12
04/24/2020,10.33,6.27,9.16,38.68
04/27/2020,12.97,7.67,12.57,37.28
04/28/2020,11.33,5.21,8.82,33.88
04/29/2020,9.16,6.48,8.27,32.06
04/30/2020,5.57,4.5,6.35,31.62
05/01/2020,,5.31,4.12,30.76
05/04/2020,3.38,4.07,3.03,30.46
05/05/2020,5.8,8.53,4.57,34.39
05/06/2020,7.33,8.59,3.38,33.36
05/07/2020,6.75,7.07,1.34,30.2
05/08/2020,6.12,6.74,2.41,30.66
05/11/2020,7.35,11.75,4.44,34.95
05/12/2020,7.57,15,3.47,34.24
05/13/2020,6.65,12.98,4.41,34.42
05/14/2020,3.95,14.34,7.31,34.8
05/15/2020,4.16,15.32,6.94,35.53
05/18/2020,5.94,16.29,6.86,34.45
05/19/2020,6.28,15.94,3.95,33.37
05/20/2020,6.47,15.93,3.07,30.33
05/21/2020,,18.26,2.61,29.61
05/22/2020,5.47,17.09,2.37,28.66
05/25/2020,6.66,,,
05/26/2020,5.59,15.32,3.57,25.93
05/27/2020,4.18,14.39,3.95,24.01
05/28/2020,7.01,14.45,5.95,28.22
05/29/2020,6.56,17.81,8.2,30.18
06/01/2020,,15.31,6.65,29.76
06/02/2020,5.99,15.74,8.36,30.96
06/03/2020,5.85,15.55,10,29.82
06/04/2020,4.94,18.28,9.32,28.27
06/05/2020,6.57,19.31,10.27,27
06/08/2020,5.83,20.25,11.13,27
06/09/2020,7.98,22.26,10.27,26.93
06/10/2020,7.42,23.19,9.61,28.52
06/11/2020,4.11,17.29,3.69,22.63
06/12/2020,3,17.54,2.28,22.17
06/15/2020,3.72,18.33,-0.78,20.45
06/16/2020,6.04,22.12,3.18,39.34
06/17/2020,9.21,21.71,2.27,36.16
06/18/2020,9.92,22.34,2.17,37.09
06/19/2020,11.45,22.95,4.42,36.13
06/22/2020,9.47,23.66,2.88,36.56
06/23/2020,10.82,23.71,3.38,35.62
06/24/2020,8.33,20.95,1.7,33.65
06/25/2020,8.57,23.3,2.64,38.62
06/26/2020,6.74,22.21,0.79,38.59
06/29/2020,6.99,22.6,2.04,38.5
06/30/2020,5.78,24.82,3.66,39.74
07/01/2020,6.28,26.04,4.72,38.99
07/02/2020,6.57,25.71,5.6,39.48
07/03/2020,5.72,,,
07/06/2020,7.12,25.87,6.68,42.05
07/07/2020,6.65,26.3,5.52,41.93
07/08/2020,5.88,26.21,4.45,43.95
07/09/2020,5.11,24.51,2.8,41.67
07/10/2020,5.24,23.1,2.86,39.04
07/13/2020,5.47,24.41,3.69,37.95
07/14/2020,4.59,25.69,4.89,39.48
07/15/2020,6.56,27.74,6.49,40.82
07/16/2020,5.76,27.03,6.43,40.44
07/17/2020,5.7,28.18,7.06,41.25
07/20/2020,6.15,26.54,6.45,42.17
07/21/2020,4.11,23.82,5.75,40.69
07/22/2020,3.31,24.21,5.6,40.3
07/23/2020,2.35,24.62,4.64,37.48
07/24/2020,0.19,23.46,3.35,35.79
07/27/2020,-0.06,23.52,5.8,36.61
07/28/2020,-0.56,22.95,6.82,38.44
07/29/2020,-1.04,23.33,6.37,37.67
07/30/2020,-2,22.1,5.88,30.22
07/31/2020,-3.14,20.66,7.56,27.92
08/03/2020,-0.68,21.97,10.64,30.09
08/04/2020,-1.07,19.87,9.48,31.8
08/05/2020,-2.53,18.55,9.44,31.36
08/06/2020,-2.45,17.68,8.65,30.12
08/07/2020,-3.11,18.13,8.61,30.16
08/10/2020,-3.12,17.44,8.46,30.22
08/11/2020,-2.19,17.81,8.46,28.21
08/12/2020,-0.64,21.42,10.83,29.84
08/13/2020,-0.17,20.37,11.98,28.06
08/14/2020,-0.86,20.86,11.9,27.75
08/17/2020,-0.13,22.49,13.62,28.97
08/18/2020,-0.81,21.6,13.35,30.32
08/19/2020,0.63,22.17,13.98,29.62
08/20/2020,0.27,21.03,13.98,28.81
08/21/2020,0.77,20.59,13.91,27.04
08/24/2020,0.91,20.15,14.5,27.26
08/25/2020,0.72,19.58,14.85,27.4
08/26/2020,1.1,19.95,14.66,27.04
08/27/2020,1.32,19.88,15.04,26.79
08/28/2020,0.32,19.72,14.81,25.41
08/31/2020,0.15,21.75,14.3,26.3
09/01/2020,1.37,17.26,13.18,25.37
09/02/2020,3.32,19.44,16.53,27.29
09/03/2020,1.62,16.79,14.6,26.84
09/04/2020,1.1,16.79,14.26,28.44
09/07/2020,2.86,,,
09/08/2020,2.84,14.7,11.7,27.08
09/09/2020,4.11,16.49,13.78,29.35
09/10/2020,4.03,13.97,12.02,24.45
09/11/2020,4.98,14.04,13.24,26.04
09/14/2020,5.11,15.04,12.82,26.82
09/15/2020,6.6,15.57,12.88,27.74
09/16/2020,5.58,14.14,14.71,28.49
09/17/2020,5.62,13.95,14.8,29.77
09/18/2020,6.43,14.56,15.03,31.22
09/21/2020,4.7,13.26,11.43,28.67
09/22/2020,4.81,12.64,11.18,27.55
09/23/2020,4.35,10.78,10.76,27.51
09/24/2020,2.93,9.22,11.46,26.66
09/25/2020,3.07,9.62,11.17,27.89
09/28/2020,3.68,10.96,10.94,26.05
09/29/2020,3.31,10.46,9.79,24.49
09/30/2020,2.55,11.35,11.19,25.99
10/01/2020,3.18,10.78,9.44,22.81
10/02/2020,3.17,9.48,8.31,23.59
10/05/2020,3.57,11.78,8.9,24.8
10/06/2020,2.23,9.19,6.74,22.67
10/07/2020,1.13,10.69,7.29,26.79
10/08/2020,2.72,11.03,7.88,30.65
10/09/2020,3.52,11.49,7.72,33.53
10/12/2020,3.22,12.28,7.72,31.49
10/13/2020,2.82,11.66,8.19,27.74
10/14/2020,2.53,9.42,7.92,26.36
10/15/2020,0.03,8.35,5.98,24.93
10/16/2020,1.32,9.67,7.01,24.37
10/19/2020,0.86,7.18,5.46,21.54
10/20/2020,-0.19,7.11,4.92,22.21
10/21/2020,-1.98,5.38,4.65,20.27
10/22/2020,-1.66,7.18,6.18,20.56
10/23/2020,-1.85,7.22,7.01,21.18
10/26/2020,-2.04,6.69,5.68,20.61
10/27/2020,-4.84,5.15,4.54,12.26
10/28/2020,-7.79,2.33,2.12,11.76
10/29/2020,-8.74,2.56,1.73,12.82
10/30/2020,-8.25,8.19,0.82,11.04
11/02/2020,-6.16,12.19,2.83,12.04
11/03/2020,-4.5,11.82,3.11,11.48
11/04/2020,-1.12,20.14,8.07,26.47
11/05/2020,-1.81,19.11,7.86,23.86
11/06/2020,-1.98,18.04,7.72,21.49
11/09/2020,-1.1,20.93,7.91,21.14
11/10/2020,-0.77,25.69,8.73,24.74
11/11/2020,1.23,24.78,8.66,23.21
11/12/2020,1.05,24.08,7.05,20.04
11/13/2020,0.62,25.91,8.7,21.18
11/16/2020,1.4,25.04,7.48,19.66
11/17/2020,1.13,26.13,9.25,20.18
11/18/2020,1.12,25.5,7.57,19.3
11/19/2020,1.51,26.71,7.76,22.06
11/20/2020,2.17,28.2,7.84,23.83
11/23/2020,2.16,29.9,7.61,22.04
11/24/2020,3.02,32.16,7.43,23.33
11/25/2020,3.93,32.47,7.32,23.2
11/26/2020,4.29,,,
11/27/2020,4.03,33.35,7.05,25.49
11/30/2020,5.58,32.95,7.76,23.97
12/01/2020,4.43,32.27,9.32,23.89
12/02/2020,5.13,33.47,9.69,23.55
12/03/2020,3.85,33.16,9.18,22.66
12/04/2020,4.21,36.38,9.84,26.35
12/07/2020,4.34,34.55,10.6,25.47
12/08/2020,4.21,36.91,11.5,27.07
12/09/2020,4.32,38.15,11.89,34.48
12/10/2020,4.34,36.65,11.25,37.03
12/11/2020,4.67,35.19,11.21,36.22
12/14/2020,4.29,32.47,7.67,34.4
12/15/2020,2.26,30.71,7.88,42.51
12/16/2020,3.34,33.03,7.01,46.44
12/17/2020,4.62,33.35,7,46.93
12/18/2020,3.32,32.79,6.61,45.88
12/21/2020,0.35,31.85,6.29,43.65
12/22/2020,0.78,30.69,6.46,41.9
12/23/2020,0.83,31.3,6.92,40.85
12/24/2020,,31.27,7.43,41.85
12/28/2020,3.79,31.52,7.84,41.71
12/29/2020,5.85,33.1,9.14,41.78
12/30/2020,7.35,33.83,8.03,42.15
12/31/2020,,36.22,9.65,43.71
01/04/2021,6.76,34.01,8.53,40.86
01/05/2021,6.24,35.39,8.71,41.56
01/06/2021,6.2,34.22,10.43,39.86
01/07/2021,5.61,35.66,12.63,41.14
01/08/2021,6.52,36.37,11.3,41.64
01/11/2021,7.55,38.6,13.94,58.26
01/12/2021,7.06,39.56,11.38,52.18
01/13/2021,6.65,42.96,10.38,57.89
01/14/2021,7.19,41.91,10.15,58.9
01/15/2021,9.47,40.5,11.77,62.37
01/18/2021,9.13,,,
01/19/2021,9.75,42.61,11.51,68.93
01/20/2021,10.38,43.17,10.54,71.3
01/21/2021,9.87,41.44,8.82,72.23
01/22/2021,10.28,40.94,8.55,75.45
01/25/2021,10.54,40.48,8.78,80.74
01/26/2021,8.23,38.32,7.57,81.05
01/27/2021,7.57,30.68,3.31,76.67
01/28/2021,6.3,32.48,4.45,78.84
01/29/2021,3.35,30.28,3.31,77.01
02/01/2021,3.8,30.05,3.7,72.9
02/02/2021,3.49,31.54,4.25,68.15
02/03/2021,3,35.96,3.65,67.64
02/04/2021,4.63,37.97,1.92,71.61
02/05/2021,4.57,38.23,1.61,71.73
02/08/2021,4.88,35.83,0.59,75.14
02/09/2021,4.58,33.99,0.59,71.68
02/10/2021,4.84,32.28,0.39,73.96
02/11/2021,4.93,31.9,0.19,72.42
02/12/2021,5.24,32.77,0.54,76.43
02/15/2021,5.75,,,
02/16/2021,4.72,32.47,-0.47,75.13
02/17/2021,3.7,35.13,1.26,75.73
02/18/2021,2.67,34.83,1.09,71.18
02/19/2021,1.71,33.5,-0.39,71.01
02/22/2021,1.51,36.1,0.44,70.81
02/23/2021,0.54,35.1,-0.08,72.34
02/24/2021,1.86,38.18,-0.04,74.07
02/25/2021,1.44,36.45,0.03,73.48
02/26/2021,0.35,36.97,-2.65,74.39
03/01/2021,2.27,37.82,-2.98,75.73
03/02/2021,3.88,37.11,-2.35,73.75
03/03/2021,3.67,35.66,-1.74,71.93
03/04/2021,0.36,34.31,-3.26,70.69
03/05/2021,-1.32,35.65,-1.97,76.12
03/08/2021,1.21,34.9,-0.58,76.21
03/09/2021,0.36,35.76,-0.62,75.43
03/10/2021,0.51,37.3,0.21,74.87
03/11/2021,0.68,37.13,0.04,74.66
03/12/2021,-0.08,37.58,0,77.1
03/15/2021,0.68,40.17,2.19,61
03/16/2021,2.13,40.91,2.96,62.48
03/17/2021,1.69,33.54,3.62,58.93
03/18/2021,2.09,31.92,3.58,56.55
03/19/2021,2.53,31.48,3.9,56.86
03/22/2021,2.67,34.63,3.9,58.18
03/23/2021,3.88,33.28,2.24,56.34
03/24/2021,3.45,31.02,2.2,53.35
03/25/2021,4.81,32.06,1.97,55.83
03/26/2021,5.08,34.73,3.74,57.72
03/29/2021,5.72,35.69,4.96,58.6
03/30/2021,5.06,35.76,3.16,57.89
03/31/2021,3.66,37.58,3.34,59.01
04/01/2021,4.14,37.96,3.34,57.66
04/05/2021,,34.94,3.22,57.37
04/06/2021,4.44,33.97,1.6,55.59
04/07/2021,3.05,33.75,2.04,55.18
04/08/2021,3.5,34.88,1.19,55.43
04/09/2021,3.82,36.71,2.29,57.03
04/12/2021,3.54,37.62,2.17,54.75
04/13/2021,2.4,37.58,2.45,55.36
04/14/2021,2.52,34.63,2.41,55.76
04/15/2021,3.35,35.89,2.76,58.24
04/16/2021,3.79,37.19,3.85,61.08
04/19/2021,3.88,38.08,4.1,61.41
04/20/2021,3.12,38.61,5.32,62.24
04/21/2021,4.25,40.86,6.21,62.52
04/22/2021,4.17,39.91,4.5,59.21
04/23/2021,3.5,41.6,4.4,60.63
04/26/2021,3.22,41.61,3.93,59.35
04/27/2021,1.54,41.67,3.7,55.09
04/28/2021,1.54,42.3,3.34,53.67
04/29/2021,0.46,40.97,-1.23,55.08
04/30/2021,0.05,41.75,-0.13,55.56
05/03/2021,0.82,45.79,1.85,58.24
05/04/2021,0.12,44.8,1.86,60.18
05/05/2021,1.23,47.19,4.16,64.11
05/06/2021,1.49,47.57,4.26,65.03
05/07/2021,2.01,47.15,5.11,66.33
05/10/2021,1.95,47.75,4.79,65.77
05/11/2021,1.28,46.06,3.83,65.76
05/12/2021,2.73,46.15,4.56,64.44
05/13/2021,,48.23,5.48,65.92
05/14/2021,3.3,48.02,4.95,67
05/17/2021,2.86,48.6,7.06,66.42
05/18/2021,2.31,49.01,6.41,65.66
05/19/2021,1.46,47.28,6.38,67.26
05/20/2021,1.6,48.88,6.78,69.83
05/21/2021,1.77,47.62,6.14,70.13
05/24/2021,,47.36,5.94,71.1
05/25/2021,1.96,45.64,3.89,69.56
05/26/2021,2.66,45.82,3.53,71.07
05/27/2021,2.09,42.79,1.77,69.55
05/28/2021,2.16,43.91,1.73,70.01
05/31/2021,1.28,,,
06/01/2021,1.77,42.65,0.78,68.88
06/02/2021,2.73,41.62,1.7,69.49
06/03/2021,3.47,42.65,3.9,72.53
06/04/2021,3.98,42.84,4.19,71.95
06/07/2021,3.68,43.67,2.34,89.39
06/08/2021,3.16,42.82,1.78,87.85
06/09/2021,5.56,44.93,4.09,92.36
06/10/2021,7.24,47.78,7.04,98.77
06/11/2021,6.93,46.73,7.22,90.73
06/14/2021,7.6,46.71,6.07,92.44
06/15/2021,8.17,47.25,6.42,90.25
06/16/2021,9.32,46.87,7.7,87.9
06/17/2021,10.28,46.07,8.57,89.13
06/18/2021,10.01,43.81,7.7,86.02
06/21/2021,10.58,45.86,7.9,89.52
06/22/2021,10.1,45.82,7.11,88.48
06/23/2021,9.02,44.93,6.25,84.78
06/24/2021,9.19,45.87,7.35,98.29
06/25/2021,8.65,43.63,8.53,95.95
06/28/2021,8.97,43.66,8.05,94.25
06/29/2021,8.53,42.77,8.54,95.23
06/30/2021,8.21,43.2,9.33,95.35
07/01/2021,8.34,45.26,9.64,96.72
07/02/2021,8.47,46.41,10.5,99.13
07/05/2021,8.05,,,
07/06/2021,8.51,47.13,9.81,100.37
07/07/2021,9.05,48.42,10.44,100.71
07/08/2021,7.94,47.92,9.82,101.82
07/09/2021,9.01,48.21,9.64,100.01
07/12/2021,9.64,49.54,9.02,100.88
07/13/2021,9.21,49.9,9.11,100.27
07/14/2021,8.93,49.2,9.12,101.17
07/15/2021,7.57,48.97,9.51,97.01
07/16/2021,8.41,49.38,9.68,97.86
07/19/2021,6.62,46.73,8.32,99.29
07/20/2021,6.96,47.53,7.08,100.03
07/21/2021,6.21,48.73,7.39,101.97
07/22/2021,7.57,49.43,7.59,102.99
07/23/2021,8.53,50.25,9.01,107.8
07/26/2021,7.17,49.75,8.59,107
07/27/2021,6.88,49.96,9.44,107.32
07/28/2021,7.78,50.71,10.12,109.81
07/29/2021,7.19,51.12,8.15,108.81
07/30/2021,7.65,47.85,8.07,107.25
08/02/2021,7.51,46.77,7.1,109.89
08/03/2021,7.14,47.79,7.42,117.88
08/04/2021,6.97,46.3,6.11,123.4
08/05/2021,6.9,46.35,6.27,124.86
08/06/2021,7.16,45.5,6.05,124.22
08/09/2021,8.64,45,5.89,127.39
08/10/2021,8.84,45.97,5.7,129.34
08/11/2021,9.47,44.57,5.73,124.79
08/12/2021,10.04,47.01,6.9,124.25
08/13/2021,10.32,48.08,7.85,124.88
08/16/2021,10.25,50.53,9.56,129.76
08/17/2021,11.32,52.12,10.82,132.11
08/18/2021,11.33,49.11,9.36,128.55
08/19/2021,9.61,49.92,10.3,130.15
08/20/2021,9.69,51.06,10.61,130.58
08/23/2021,10.33,51.74,10.19,127.95
08/24/2021,8.47,52.15,9.26,123.65
08/25/2021,7.57,53.06,8.35,124.59
08/26/2021,8.11,53.06,7.64,122.42
08/27/2021,8.16,52.02,7.26,121.08
08/30/2021,7.89,53.28,7.55,123.26
08/31/2021,8.82,53.55,7.25,119.84
09/01/2021,8.65,42.73,7.1,119.08
09/02/2021,8.38,42.41,8.42,120.93
09/03/2021,6.99,41.9,8.61,120.9
09/06/2021,7.33,,,
09/07/2021,6.01,38.61,6.81,116.87
09/08/2021,4.14,40.3,5.94,116.9
09/09/2021,2.39,36.37,3.78,104.27
09/10/2021,0.96,35.62,3.26,103.85
09/13/2021,0.87,36.64,2.88,102.54
09/14/2021,1.13,35.37,1.37,98.39
09/15/2021,0.42,37.01,2.36,98.94
09/16/2021,-0.04,37.4,1.18,96.65
09/17/2021,-0.62,36.96,0.77,95.85
09/20/2021,-0.91,35.27,1.12,97.16
09/21/2021,-1.09,36.22,1.18,95.91
09/22/2021,-1.66,35.28,1.28,94.31
09/23/2021,-0.78,36.49,2.69,97.62
09/24/2021,-1.23,36.12,3.48,97.19
09/27/2021,-1.62,36.94,3.13,92.7
09/28/2021,-2.31,36.46,3.07,88.61
09/29/2021,-0.89,38.37,5.56,96.07
09/30/2021,-1.4,37.13,5.59,96.66
10/01/2021,-2.39,38.69,14.43,95.41
10/04/2021,-2.07,38.23,16.82,91.38
10/05/2021,-2.46,39.22,14.71,96.55
10/06/2021,-3,38.98,13.39,93.93
10/07/2021,-1.49,40.95,15.19,98.47
10/08/2021,-1.69,41.34,13.35,99.11
10/11/2021,-1.57,40.27,12.37,98.89
10/12/2021,-1.75,38.02,11.89,98.13
10/13/2021,-1.82,37.97,10.99,101.24
10/14/2021,-1.87,38.46,10.12,101.46
10/15/2021,-1.27,38.99,10.12,102.47
10/18/2021,-2.05,36.58,8.46,103.4
10/19/2021,-1.58,36.6,11.75,106.24
10/20/2021,-0.26,37.82,13.97,107.44
10/21/2021,-0.48,38.27,14.11,105.27
10/22/2021,-0.49,38.75,14.08,107.46
10/25/2021,-1.16,37.94,14.8,108.57
10/26/2021,-0.06,39.19,15.63,111.46
10/27/2021,-2.44,37.81,14.63,112.93
10/28/2021,-1.8,39.42,21.67,115.64
10/29/2021,-2.93,45.78,23.78,116.84
11/01/2021,-1.72,45.96,23.49,112.2
11/02/2021,-1.39,48.14,25.15,118.61
11/03/2021,-1.86,49.47,24.67,126.62
11/04/2021,-2.04,48.82,27.28,130.66
11/05/2021,-2.35,48.97,14.73,125.55
11/08/2021,-2.39,47.55,16.23,121.75
11/09/2021,-2.62,46.97,16.29,123.01
11/10/2021,-1.69,48.42,18.1,125.25
11/11/2021,-2.23,48.27,18.12,123.53
11/12/2021,-2.18,48.7,18.09,121
11/15/2021,-2.21,48.54,17.65,119.96
11/16/2021,-1.82,48,18.24,119.35
11/17/2021,-2.18,49.19,16.12,122.3
11/18/2021,-2.79,48.83,16.75,122.43
11/19/2021,-2.41,47.78,13.45,121.89
11/22/2021,-2.22,47.03,14.77,121.67
11/23/2021,-1.18,51.13,16.4,122.96
11/24/2021,-1.76,50.85,15.67,123
11/25/2021,-1.73,,,
11/26/2021,-4.11,48.12,11.28,121.61
11/29/2021,-4.72,48.6,5.28,116.9
11/30/2021,-5.75,46.55,5.31,111.12
12/01/2021,-4.72,47.36,4.65,112.04
12/02/2021,-5.29,48.58,3.88,110.98
12/03/2021,-5.58,51.09,3.1,109.02
12/06/2021,-4.22,54.27,3.22,109.66
12/07/2021,-3.94,54.47,1.61,108.62
12/08/2021,-3.98,54.93,2.92,107.95
12/09/2021,-4.21,57.83,2.43,106.74
12/10/2021,-4.18,59.51,2.09,107.8
12/13/2021,-4.34,60.83,3.22,111.53
12/14/2021,-4.12,61.82,3.64,112.26
12/15/2021,-3.75,65.56,5.84,134.3
12/16/2021,1.77,67.53,6.72,137.5
12/17/2021,2.41,64.67,6.41,127.61
12/20/2021,0.89,66.36,7.42,124.26
12/21/2021,1.85,65.2,6.2,125.45
12/22/2021,1.83,67.87,7.07,126.83
12/23/2021,2.69,69.2,6.46,132.45
12/27/2021,2.93,70.87,7.64,136.96
12/28/2021,3.76,70.85,7.98,135.28
12/29/2021,3.09,72.08,8.18,136.97
12/30/2021,3.03,72.81,8.44,135.98
12/31/2021,,72.13,7.74,135.1
01/03/2022,3.09,72.16,8.07,131.28
01/04/2022,3.27,71.83,8.26,127.09
01/05/2022,4.08,72.73,10.89,121.85
01/06/2022,4.72,71.92,10.82,120.73
01/07/2022,4.89,71.47,12.89,120.87
01/10/2022,5.74,73.39,15.8,121.39
01/11/2022,6.13,74.13,14.81,123.27
01/12/2022,5.11,74.54,14.15,117.82
01/13/2022,5.88,69.74,14.32,112.5
01/14/2022,5.65,72.73,14.41,107.78
01/17/2022,5.81,,,
01/18/2022,5.36,73.89,14.63,110.29
01/19/2022,4.54,71.89,14.28,108.57
01/20/2022,4.45,69.12,13.52,106.94
01/21/2022,2.5,67.79,12.44,106.88
01/24/2022,-1.5,68.01,10.82,104.63
01/25/2022,-0.9,69.2,11.71,103.81
01/26/2022,0.31,70.65,11.26,102.45
01/27/2022,2.25,72.86,13.28,101.48
01/28/2022,1.86,75.34,13.73,108.61
01/31/2022,2.84,74.03,14.55,108.86
02/01/2022,4.08,74.17,15.16,111.32
02/02/2022,0.9,76.23,15.29,113.49
02/03/2022,2,78.91,11.07,108.37
02/04/2022,2.46,78.81,10.44,106.2
02/07/2022,3.18,81.2,9.06,107.29
02/08/2022,2.95,82.44,8.12,104.2
02/09/2022,3.43,82.05,7.59,107.06
02/10/2022,2.86,81.43,7.63,103.97
02/11/2022,2.37,80.54,7.74,100.65
02/14/2022,1.63,81.8,7.5,99.75
02/15/2022,2.79,84.03,9.39,107.54
02/16/2022,3.61,85.44,8.56,109.02
02/17/2022,2.64,84.3,7.35,105.1
02/18/2022,2.45,83.1,7.36,104.54
02/21/2022,1.17,,,
02/22/2022,1.77,85.05,6.77,103.53
02/23/2022,2.22,86.58,6.62,102.83
02/24/2022,0.97,84.68,3.34,106.89
02/25/2022,3.79,90.11,7.29,113.51
02/28/2022,3.11,87.86,7.66,112.74
03/01/2022,3.41,87.76,7.32,112.36
03/02/2022,3.99,90.15,7.78,116.33
03/03/2022,2,91.22,8.46,120.14
03/04/2022,-0.72,91.41,9.41,123.74
03/07/2022,-1.37,89.99,9.27,122.69
03/08/2022,-4.56,87.07,8.18,121.24
03/09/2022,-2.91,89.22,9.36,123.67
03/10/2022,-1.72,89.64,9.5,126.42
03/11/2022,-0.56,89.5,10.02,126.66
03/14/2022,1.94,93.36,9.34,128.96
03/15/2022,2.19,98.17,10.55,134.45
03/16/2022,1.95,98.39,9.82,135.29
03/17/2022,3.45,101.61,10.98,143.01
03/18/2022,3.67,102.39,11.21,144.82
03/21/2022,3.44,103.47,11.14,146.52
03/22/2022,2.93,103.42,11.48,142.59
03/23/2022,2.55,101.4,12.09,141.88
03/24/2022,3.27,103.76,13.04,144.86
03/25/2022,3.58,105.1,14.35,146
03/28/2022,4.21,105.91,14.17,148.24
03/29/2022,4.67,106.18,14.67,145.46
03/30/2022,4.79,108.17,15.84,146.74
03/31/2022,4.27,106.09,15.35,143.74
04/01/2022,3.44,106.81,17.41,149.1
04/04/2022,4.89,105.81,17.37,148.04
04/05/2022,5.34,107.77,17.7,148.95
04/06/2022,7.84,114.73,19.45,160.31
04/07/2022,8.87,120.29,22.02,162.52
04/08/2022,11.31,122.43,23.26,165.29
04/11/2022,12.68,115.9,21.79,162.97
04/12/2022,11.23,112.7,20.38,162.22
04/13/2022,11.24,102.07,21.08,157.61
04/14/2022,12.13,106.34,22.18,156.92
04/18/2022,,102.59,21,154.34
04/19/2022,11.77,98.77,20.61,152.8
04/20/2022,10.83,99.21,21.55,149.31
04/21/2022,10.68,101.53,21.22,146.5
04/22/2022,10.41,97.04,18.92,137.24
04/25/2022,10.27,98.7,20.11,142.74
04/26/2022,10.66,98.55,18.76,140.73
04/27/2022,11.41,100.38,18.67,142.65
04/28/2022,11.51,98.72,24.53,153.02
04/29/2022,11.02,86.73,24.68,148.64
05/02/2022,9.91,87.99,23.22,146.46
05/03/2022,10.18,90.19,22.45,145.19
05/04/2022,9.48,92.72,24.44,151
05/05/2022,9.38,93.47,23.73,148.85
05/06/2022,8.66,94.29,24.26,152.7
05/09/2022,7.01,91.91,23.21,146.17
05/10/2022,7.69,93.35,23.44,143.17
05/11/2022,8.71,93.19,25.38,144.01
05/12/2022,9.33,96.15,27.69,148.36
05/13/2022,10.83,95.14,27.1,148.22
05/16/2022,12.33,97.65,29.79,154.81
05/17/2022,12.18,96.77,30.74,156.53
05/18/2022,11.65,93.78,29.48,151.25
05/19/2022,9.97,92.88,29.46,143.65
05/20/2022,11.27,91.98,31.51,154.36
05/23/2022,12.53,88.19,31.91,157.55
05/24/2022,12.53,89.56,33.05,160.41
05/25/2022,12.71,93.19,31.8,161.31
05/26/2022,,91.42,29.77,166.8
05/27/2022,11.81,90.69,30.85,175.33
05/30/2022,12.09,,,
05/31/2022,11.47,87.35,29.38,166.78
06/01/2022,10.6,85.63,28.13,164.77
06/02/2022,9.86,86.56,26.52,157.41
06/03/2022,10.15,87.1,26.4,156.75
06/06/2022,,86.28,26.3,158.2
06/07/2022,10.28,89.6,27.2,165.64
06/08/2022,10.09,89.74,25.79,166.82
06/09/2022,9.51,84.88,23.71,158.11
06/10/2022,7.7,82.05,22.56,152.8
06/13/2022,6.24,77.24,19.49,147.92
06/14/2022,3.59,74.96,18.79,147.5
06/15/2022,4.03,75.55,18.97,149.37
06/16/2022,1.66,76.9,19.34,145.19
06/17/2022,1.36,75.79,18.96,147.6
06/20/2022,2.21,,,
06/21/2022,1.18,82.39,23.75,153.08
06/22/2022,0.85,87.59,25.34,161.03
06/23/2022,0.4,89.99,29.34,166.17
06/24/2022,3.44,93.67,30.92,177.15
06/27/2022,5.29,94.69,32.72,178.55
06/28/2022,4.13,93.86,29.18,170.34
06/29/2022,4.2,95.96,30.05,174.92
06/30/2022,3.76,94.71,28.17,175.96
07/01/2022,3.09,95.53,29.93,176.37
07/04/2022,4.79,,,
07/05/2022,3.84,95.69,30.23,178.47
07/06/2022,4.24,93.91,30.92,181
07/07/2022,5.38,93.24,30.76,179.13
07/08/2022,6.21,94.32,30.43,181.28
07/11/2022,6.52,94.8,32.57,181.79
07/12/2022,6.42,93.82,31.58,175.42
07/13/2022,4.54,93.43,31.82,174.46
07/14/2022,3.98,91.25,31.98,178.23
07/15/2022,6.03,95.3,33.5,182.24
07/18/2022,5.38,90.15,29.81,173.87
07/19/2022,6.92,90.36,29.84,177.64
07/20/2022,5.59,87.76,26.03,174.09
07/21/2022,6.48,87.83,26.72,178.25
07/22/2022,6.45,88.75,26.68,179.81
07/25/2022,6.51,90.97,27.27,182.19
07/26/2022,7.65,91.8,28.34,182.2
07/27/2022,6.4,92.16,28.25,179.97
07/28/2022,6.74,90.38,26.44,181.56
07/29/2022,4.86,82.44,25.6,180.61
08/01/2022,,78.26,24.46,175.9
08/02/2022,4.9,78.48,23.16,172.53
08/03/2022,5.1,79.51,23.18,167.11
08/04/2022,4.41,76.61,22.05,160.27
08/05/2022,5.3,75.49,22.88,156.46
08/08/2022,5.59,78.41,24.4,157.47
08/09/2022,6.85,78.3,25.85,157.91
08/10/2022,5.89,79.18,25.38,159.26
08/11/2022,4,80.63,25.02,156.34
08/12/2022,2.8,81.29,27.96,162.22
08/15/2022,3.25,80.89,27.37,167.21
08/16/2022,3.93,81.22,27.35,164.12
08/17/2022,4.25,79.81,27.99,169.66
08/18/2022,4.08,79.62,28.49,169.57
08/19/2022,5.25,80.33,29.45,174.72
08/22/2022,5.06,78.41,28.15,175
08/23/2022,2.93,76.74,26.8,168.19
08/24/2022,3.71,75.32,26.54,171.4
08/25/2022,2.93,77.13,26.9,175.04
08/26/2022,3.14,73.34,25.48,168.58
08/29/2022,2.63,72.53,23.14,163.98
08/30/2022,1.59,72.32,22.14,161.33
08/31/2022,1.55,70.94,20,156.39
09/01/2022,0.82,76.01,22.52,163.11
09/02/2022,1.96,73.25,21.22,156.47
09/05/2022,2.44,,,
09/06/2022,1.6,74.92,21.49,161.15
09/07/2022,1.44,76.34,22.12,165.21
09/08/2022,1.1,78.64,22.9,168.53
09/09/2022,1.85,79.79,22.78,170.41
09/12/2022,2.85,80.83,23.94,168.3
09/13/2022,1.93,76.11,21.29,160.86
09/14/2022,0.22,77.41,22.24,163.52
09/15/2022,-0.19,81.17,21.95,163.4
09/16/2022,-0.5,83.14,23.32,162.91
09/19/2022,-0.31,81.36,21.8,159.67
09/20/2022,-1.37,80.23,20.9,156.81
09/21/2022,-2.73,78.38,18.83,152.34
09/22/2022,-3.68,81.81,23.02,164.59
09/23/2022,-4.57,81.87,22,165.09
09/26/2022,-5.06,79.52,21.15,161.72
09/27/2022,-4.53,80.17,20.68,164.79
09/28/2022,-3.98,83.83,22,184.6
09/29/2022,-3.85,81.44,21.8,180.88
09/30/2022,-3.07,70.62,21.07,175.21
10/03/2022,-2.49,75.85,23.08,173.68
10/04/2022,-1.22,80.51,24.26,180.78
10/05/2022,-2.01,82.21,24.26,182.39
10/06/2022,-3.05,78.35,22.92,183.39
10/07/2022,-3.05,76.4,23.15,178.03
10/10/2022,-3.02,75.83,27.2,175.67
10/11/2022,-2.79,79.9,28,178.83
10/12/2022,-2.77,77.96,27.11,176.25
10/13/2022,-3.04,81.69,30.02,182.66
10/14/2022,-2.48,81.72,29.59,182.06
10/17/2022,-1.19,83.59,32.32,183.22
10/18/2022,-0.81,83.83,33,185.16
10/19/2022,-1.46,81.96,31.11,180.27
10/20/2022,-2.21,81.71,30.66,180.08
10/21/2022,-1.75,86.96,34.49,190.04
10/24/2022,0.08,91.83,36.88,196.11
10/25/2022,-0.1,90.47,37.36,199.01
10/26/2022,0.92,93.89,38.35,204.59
10/27/2022,0.91,95.14,40.22,203.29
10/28/2022,2.77,87.66,41.66,206.32
10/31/2022,3.82,86.12,42.27,208.19
11/01/2022,3.58,86.77,40.24,200.09
11/02/2022,4.14,83.73,39.74,202.12
11/03/2022,4.22,83.6,38.82,207.84
11/04/2022,4.17,84.69,39.46,204.2
11/07/2022,3.44,88.28,40.68,210.72
11/08/2022,3.76,88.83,42.69,212.08
11/09/2022,4.99,87.67,42.82,209.19
11/10/2022,5.62,90.34,43.24,213.83
11/11/2022,1.4,90.9,37.71,199.86
11/14/2022,1.13,92.91,41.07,203.06
11/15/2022,2.23,94.56,40.02,197.86
11/16/2022,1.44,93.07,40.48,200.39
11/17/2022,1.49,93.44,43.83,207.06
11/18/2022,4.61,97.03,46.53,207.83
11/21/2022,6.43,99.73,48.47,207.4
11/22/2022,7.19,103.14,50.28,207.16
11/23/2022,5.3,102.63,50.17,207.87
11/24/2022,5.38,,,
11/25/2022,6.56,102.92,51.13,210.88
11/28/2022,6.88,101.41,52.46,211.32
11/29/2022,6.9,101.12,53.01,209.77
11/30/2022,7.35,104.91,54.81,215.84
12/01/2022,7.93,105.48,54.36,215.2
12/02/2022,7.98,108.06,54.7,218.97
12/05/2022,10.11,108.42,54.65,214.32
12/06/2022,9.45,108.14,53.14,213.68
12/07/2022,10.09,110.27,54.77,216.6
12/08/2022,9.47,111.02,55.83,216.44
12/09/2022,9.7,107.3,52.92,207.25
12/12/2022,9,110.17,53.19,212.58
12/13/2022,8.83,109.5,55.92,205.27
12/14/2022,10.54,109.59,56.82,209.39
12/15/2022,8.6,107.35,54.12,206.42
12/16/2022,8.11,104.02,53.52,206.3
12/19/2022,7.98,105.3,53.85,204.52
12/20/2022,7.26,104.14,54.23,206.1
12/21/2022,8.71,106.22,56.2,213.23
12/22/2022,8.5,107.56,56.38,210.93
12/23/2022,8.73,107.35,57.25,213.13
12/27/2022,8.8,107.21,57.62,210.56
12/28/2022,8.42,106.24,56.16,210.85
12/29/2022,8.78,106.66,55.79,212.38
12/30/2022,7.28,105.45,55.98,211.38
01/03/2023,10.15,106.43,56.24,210.66
01/04/2023,10.05,108.1,57.56,209.05
01/05/2023,8.96,107.84,59.76,205.49
01/06/2023,10.07,111.73,61.44,208.91
01/09/2023,9.48,105.52,55.17,197.75
01/10/2023,7.19,102.95,55.78,200.24
01/11/2023,7.67,99.81,56.14,206.76
01/12/2023,7.96,93.52,57.13,205.66
01/13/2023,8.44,95.27,57.8,207.79
01/16/2023,10.65,,,
01/17/2023,9.87,94.29,55.27,204.49
01/18/2023,8.75,89.68,52.94,199.61
01/19/2023,8.46,89.05,54.5,198.82
01/20/2023,8.42,90.17,54.56,194.55
01/23/2023,9.64,88.85,54.47,191.27
01/24/2023,9.16,87.76,52.56,194.83
01/25/2023,9.47,87.88,52.66,197.67
01/26/2023,6.11,87.39,50.24,196.2
01/27/2023,5.98,85.96,48.15,191.17
01/30/2023,6.74,85.16,49.14,189.81
01/31/2023,5.83,87.83,51,192.92
02/01/2023,2.95,86.37,50.39,191.57
02/02/2023,0.44,84.13,45.45,181.47
02/03/2023,2.08,84.59,44.71,188.6
02/06/2023,1.58,84.36,46.25,187.39
02/07/2023,1.77,84.52,48.57,189.11
02/08/2023,3.08,83.84,49.92,190.01
02/09/2023,2.79,89.04,50.03,190.91
02/10/2023,2.37,93.3,52.63,193.74
02/13/2023,3.21,95.44,54.01,198.24
02/14/2023,3.21,93.99,52.87,195.82
02/15/2023,3.57,92.04,51.38,185.14
02/16/2023,1.85,90.1,49.73,177.53
02/17/2023,3.04,92.36,53.97,179.51
02/20/2023,2.49,,,
02/21/2023,3.61,93.24,53.33,178.76
02/22/2023,4.11,91.55,53.46,180.08
02/23/2023,3.32,93.33,55.47,178.76
02/24/2023,3.55,94.14,54.49,173.76
02/27/2023,3.16,96.14,53.74,169.49
02/28/2023,1.75,95.65,49.35,164.89
03/01/2023,0.87,97.39,49.93,167.4
03/02/2023,2.43,96.26,50.44,168.15
03/03/2023,1.83,98.4,50.25,171.03
03/06/2023,1.67,97.41,56.19,171.48
03/07/2023,1.51,94.42,56.43,164.39
03/08/2023,0.87,90.19,52.22,166.01
03/09/2023,-3.09,87.33,51.27,169.68
03/10/2023,-4.24,90.33,51.39,168.12
03/13/2023,-4.11,93.17,48.64,176.19
03/14/2023,-3.93,95.59,50.38,178.38
03/15/2023,-3.14,95.86,51.31,180.42
03/16/2023,-1.19,97.43,50.9,180.47
03/17/2023,-2.16,96.06,46.35,180.18
03/20/2023,-1.51,98.47,48.81,183.94
03/21/2023,-1.32,99.3,48.37,181.79
03/22/2023,-2.21,95.36,46.77,181.7
03/23/2023,-2.72,97.43,46.53,183.12
03/24/2023,-2,100.89,47.33,186.09
03/27/2023,5.56,100.28,50.32,184.79
03/28/2023,7.12,101.18,48.36,187.39
03/29/2023,6.52,100.86,47.5,185.87
03/30/2023,6.97,100.76,48.9,189.97
03/31/2023,7.49,102.61,49.56,192.3
04/03/2023,8.29,103.94,53.05,198.53
04/04/2023,8.83,103.13,53,201.83
04/05/2023,10.65,104.42,57.33,208.32
04/06/2023,11.78,105.38,57.92,213.46
04/10/2023,,105.03,58.31,212.37
04/11/2023,11.46,105.16,58.14,209.85
04/12/2023,11.33,106.41,59.91,214.11
04/13/2023,11.79,106.83,62.48,219.3
04/14/2023,12.23,105.43,62.1,218.95
04/17/2023,13.06,104.91,61.68,216.92
04/18/2023,12.59,102.89,61.43,214.84
04/19/2023,13.24,104.95,60.45,215.32
04/20/2023,13.13,105.62,60.5,219.01
04/21/2023,14.1,106.47,62.19,227.89
04/24/2023,14.87,108.59,62.99,226.28
04/25/2023,19.51,109.64,63.82,227.55
04/26/2023,17.63,105.7,59.46,220.26
04/27/2023,17.24,89.26,61.89,232.24
04/28/2023,16.95,92.12,62.33,236.93
05/01/2023,,95.41,63.55,245.4
05/02/2023,18.35,92.75,65.73,244.03
05/03/2023,18.72,89.74,66.2,267
05/04/2023,18.96,87.34,65,264.66
05/05/2023,19.62,88.19,65.44,264.12
05/08/2023,20.26,87.45,66.42,268.3
05/09/2023,19.94,86.66,65.09,264.61
05/10/2023,17.99,86.14,65.75,271.03
05/11/2023,18.81,86.36,65.25,270.71
05/12/2023,18.75,87.07,64.68,269.76
05/15/2023,18.7,86.36,63.59,269.83
05/16/2023,18.71,82.16,63.19,271.65
05/17/2023,16.86,82.24,61.33,272.35
05/18/2023,,82.35,60.26,272.7
05/19/2023,16.16,84.48,62.36,276.53
05/22/2023,17.1,84.21,60.95,269.38
05/23/2023,16.54,81.18,59.24,260.21
05/24/2023,16.26,79.44,59.7,262.39
05/25/2023,13.64,76.23,57.87,263.7
05/26/2023,14.1,74.88,56.14,262.41
05/30/2023,11.68,73.46,53.47,263.64
05/31/2023,11.86,75.39,55.22,265.53
06/01/2023,13.01,69.64,55.95,271.51
06/02/2023,14.69,74,58.18,276.48
06/05/2023,15.99,73.99,59.01,278.13
06/06/2023,16.17,72.17,54.65,277.11
06/07/2023,14.86,73.53,52.69,271.41
06/08/2023,15.98,74.98,55.09,279.32
06/09/2023,15.72,75.67,55.64,279.64
06/12/2023,16.58,75.1,54.44,279.02
06/13/2023,15.49,75.83,54.63,279.37
06/14/2023,15.07,73.19,52.76,281.07
06/15/2023,15.98,72.76,53.8,286.36
06/16/2023,16.48,76.25,53.68,281.06
06/19/2023,16.59,,,
06/20/2023,16.35,75.21,54.96,284.67
06/21/2023,16.17,73.99,56.27,285.56
06/22/2023,15.58,74.69,59.87,289.55
06/23/2023,16.39,72.79,61.11,290.54
06/26/2023,14.12,71.56,58.97,285.36
06/27/2023,13.86,68.57,59.31,295.35
06/28/2023,13.62,68.46,58.07,290.42
06/29/2023,14.39,69.37,59.62,295.34
06/30/2023,15.5,71.28,62.22,299.17
07/03/2023,13.63,71.64,60.73,292.73
07/04/2023,13.99,,,
07/05/2023,14.17,74.96,59.84,296.37
07/06/2023,12.51,74.49,57.1,294.25
07/07/2023,8.97,72.26,53.23,284.78
07/10/2023,10.09,70.98,54.58,285.7
07/11/2023,9.82,72.35,52.81,273.98
07/12/2023,9.14,71.6,51.08,275.01
07/13/2023,8.57,69.83,49.47,269.99
07/14/2023,9.03,72.91,50.9,282.55
07/17/2023,8.98,71.41,48.41,280.58
07/18/2023,14.04,73.63,48.95,284.03
07/19/2023,14.16,75.03,48.95,286.04
07/20/2023,16.72,80.77,52.47,294.77
07/21/2023,17.13,82.74,55.19,293.26
07/24/2023,16.53,82.02,52.94,290.94
07/25/2023,16.49,80.05,51.17,289.43
07/26/2023,15.17,80.4,50.62,286.07
07/27/2023,16.47,89.23,47.99,287.26
07/28/2023,15.82,91.77,49.49,290.23
07/31/2023,16.88,90.16,49.93,286.88
08/01/2023,,88.84,48,285.64
08/02/2023,16.48,89.91,48.59,286.82
08/03/2023,14.3,89.49,48.64,282.3
08/04/2023,14.31,87.81,47.61,282.58
08/07/2023,15.31,91.11,49.14,286.48
08/08/2023,15.48,90.21,49.59,343.95
08/09/2023,16.36,91.67,49.16,347.89
08/10/2023,16.25,92.52,48.41,343.73
08/11/2023,16.5,93.47,51.04,349.64
08/14/2023,16.68,93.58,53.11,357.91
08/15/2023,15.8,93.39,52.76,365.25
08/16/2023,15.62,92.66,52.85,364.92
08/17/2023,15.32,90.72,53.12,357.62
08/18/2023,14.72,90.87,53.52,365.09
08/21/2023,15.5,90.9,54.13,368.17
08/22/2023,16.32,88.46,50.75,371.24
08/23/2023,15.98,86.98,56.47,370.98
08/24/2023,15.32,86.41,53.87,366.42
08/25/2023,15.14,86.49,54.94,371.23
08/28/2023,16.09,87.43,53.14,371.46
08/29/2023,16.24,87.63,54.63,371.44
08/30/2023,15.41,88.56,54.94,366.41
08/31/2023,14.62,86.83,53.21,371.7
09/01/2023,14.67,88.41,54.41,374.18
09/04/2023,14.26,,,
09/05/2023,12.67,85.74,51.14,375.1
09/06/2023,11.92,85.11,49.71,376.59
09/07/2023,13.75,89.31,51.74,387.9
09/08/2023,13.09,89.45,53.3,399.16
09/11/2023,13.33,89.47,52.67,406.9
09/12/2023,15.08,89.77,53.26,410.09
09/13/2023,15.27,92.17,51.56,409.73
09/14/2023,17.08,95.32,52.17,403.54
09/15/2023,18.4,93.39,51.15,389.97
09/18/2023,18.1,95.7,51.58,386.24
09/19/2023,18.07,95.13,50.93,389.37
09/20/2023,19.21,95.28,50.86,384.84
09/21/2023,18.98,95.05,50.04,368.24
09/22/2023,17.99,94.18,49.49,368.58
09/25/2023,18.71,96.61,48.79,370.07
09/26/2023,19.34,95.66,48.16,368.13
09/27/2023,18.66,94.67,46.12,367.92
09/28/2023,20.26,93.55,46.63,363.4
09/29/2023,20.47,89.5,44.73,357.17
10/02/2023,19.83,88.47,44.17,358.16
10/03/2023,17.99,87.43,43.07,347.01
10/04/2023,18.62,87.76,43.63,352.34
10/05/2023,18.11,87.45,45.64,360.87
10/06/2023,19.67,88.46,46.04,381.08
10/09/2023,19.33,89.56,46.91,386.65
10/10/2023,20.67,89.28,45.66,393.07
10/11/2023,21.43,89.86,45.45,415.18
10/12/2023,20.58,88.53,45.63,419.62
10/13/2023,18.51,88.1,46.22,418.51
10/16/2023,18.07,87.17,46.4,424.84
10/17/2023,18.32,89.65,46.44,417.75
10/18/2023,18.01,89.78,43.38,416.84
10/19/2023,14.76,85,41.19,402.85
10/20/2023,14.82,85.9,44.34,397.61
10/23/2023,14.42,83.99,45.29,390.81
10/24/2023,15.24,86,44.84,404.24
10/25/2023,16.21,84.67,45.68,399.16
10/26/2023,15.22,84.59,48.38,383.53
10/27/2023,13.42,76.62,44.55,376.83
10/30/2023,14.59,80.38,44.35,381.5
10/31/2023,14.47,79.48,44.38,371.47
11/01/2023,15.38,81.12,44.59,371.92
11/02/2023,14.63,82.13,44.59,393.91
11/03/2023,12.85,79.79,45.33,383.28
11/06/2023,14.07,79.51,46.68,406.59
11/07/2023,13.98,80.73,46.2,410.62
11/08/2023,14.93,80.56,46.77,426.96
11/09/2023,14.15,75.49,43.93,403.29
11/10/2023,13.55,76.19,42.54,408.73
11/13/2023,14.58,76.25,44.05,421.5
11/14/2023,14.5,75.51,43.63,419.89
11/15/2023,13.23,74.93,42.48,400.93
11/16/2023,12.7,75.79,43.38,401.11
11/17/2023,13.88,75.82,43.04,403.63
11/20/2023,14.12,75.83,44.35,408.64
11/21/2023,15.19,76.37,43.69,404.38
11/22/2023,16.45,76.04,42.94,406.5
11/23/2023,16.79,,,
11/24/2023,17.52,76.29,43.21,411.62
11/27/2023,16.41,76.82,42.59,403.47
11/28/2023,15.47,75.54,40.83,403.53
11/29/2023,14.88,76.07,42.17,403.75
11/30/2023,15.26,81.02,44.07,403.06
12/01/2023,15.61,82.32,45.45,397.1
12/04/2023,16.64,83.26,47.7,398.49
12/05/2023,15.18,83.79,49.34,400.6
12/06/2023,14.95,86.09,48.5,401.53
12/07/2023,14.08,88.11,46.04,400.7
12/08/2023,14.72,89.78,45.85,409.02
12/11/2023,15.88,92.27,46.73,397.1
12/12/2023,16.35,94.81,46.71,397.71
12/13/2023,17.41,96.16,50.58,408.55
12/14/2023,15.88,96.9,48.85,388.27
12/15/2023,14.81,95.83,47.77,386.88
12/18/2023,15.45,95.04,49.07,393.45
12/19/2023,14.58,95.27,49.71,393.5
12/20/2023,14.55,92.84,48.12,385.33
12/21/2023,14.13,93.99,49.56,386.85
12/22/2023,14.88,96.97,51.41,385.48
12/26/2023,,96.57,51.31,385.72
12/27/2023,14.01,96.9,51.8,394.94
12/28/2023,13.8,96.73,52.91,394.38
12/29/2023,14.92,97.01,53.26,396.14
01/02/2024,,103.18,59.19,404.04
01/03/2024,20.01,103.99,61.35,425.75
01/04/2024,21.65,105.26,64.49,423.02
01/05/2024,22.42,106.13,64.79,426.47
01/08/2024,22.95,105.23,65.01,432.84
01/09/2024,23.41,106.34,66.49,432.37
01/10/2024,23.96,109.62,67.1,436.38
01/11/2024,23.65,108.21,66.49,441.08
01/12/2024,23.8,106.46,66.77,447.21
01/15/2024,24.57,,,
01/16/2024,25.66,105.29,66.58,440.11
01/17/2024,26.81,106,66.07,435.29
01/18/2024,26.09,107.6,66.65,430.56
01/19/2024,27.01,109.47,67.14,435.01
01/22/2024,27.82,110.26,67.9,436.96
01/23/2024,26.6,112.94,68.47,435.94
01/24/2024,26.65,108.77,67.12,439.37
01/25/2024,25.59,109.93,68.88,434.19
01/26/2024,25.2,109,69.85,444.09
01/29/2024,25.81,108.38,70.5,448.98
01/30/2024,25.37,109.66,71.03,448.97
01/31/2024,21.05,109,69.79,449.5
02/01/2024,22.6,113.06,77.67,462.12
02/02/2024,21.59,114.43,77.71,468.26
02/05/2024,22.35,117.72,77.39,501.07
02/06/2024,21.99,120.3,78.37,500.08
02/07/2024,22.85,122.49,79.2,517.4
02/08/2024,19.12,122.21,77.99,526.16
02/09/2024,19.58,121.31,76.36,529.98
02/12/2024,18.72,120.02,76.21,527.51
02/13/2024,19.18,120.3,76.33,532.37
02/14/2024,18.89,121.74,76.88,544.57
02/15/2024,19.1,124.5,77.89,544.97
02/16/2024,19.75,125.64,79.65,565.64
02/19/2024,21.27,,,
02/20/2024,22.91,123.43,79.06,543.17
02/21/2024,21.92,122.65,80.11,534.87
02/22/2024,22.64,124.7,81.72,555.07
02/23/2024,24.07,126.4,81.98,554.98
02/26/2024,23.71,127.32,81.13,557.01
02/27/2024,22.75,127.55,81.39,551.12
02/28/2024,21.87,126.29,80.21,544.85
02/29/2024,21.17,123.81,78.75,541.48
03/01/2024,22.05,127.45,78.48,565.69
03/04/2024,22.11,125.08,74.39,574.34
03/05/2024,22.6,127.77,72.68,561.84
03/06/2024,23.3,130.18,73.97,563.69
03/07/2024,18.86,129.56,74.31,564.02
03/08/2024,19.31,127.37,73.62,548.68
03/11/2024,20.24,128.36,72.59,525.05
03/12/2024,18.6,130,72.44,542.57
03/13/2024,17.98,128.65,71.73,545.03
03/14/2024,17.53,130.36,69.42,547.48
03/15/2024,15.96,126.14,70.83,541.9
03/18/2024,15.81,126.91,70.72,549.13
03/19/2024,15.8,128.4,71.79,557.74
03/20/2024,15.24,124.09,74.11,557.81
03/21/2024,17.42,125.65,73.79,555.6
03/22/2024,17.14,126.86,74.11,555.89
03/25/2024,17,126.96,76.16,558.05
03/26/2024,16.65,127.8,76.46,559.55
03/27/2024,17.34,129.28,85.22,562.34
03/28/2024,18.3,131.5,85.5,562.15
04/01/2024,,129.8,84.15,547.33
04/02/2024,16.04,129.71,83.25,550.23
04/03/2024,16.18,125.44,82.62,560.47
04/04/2024,19.48,113.45,79.47,553.74
04/05/2024,16.53,116.12,79.93,567.47
04/08/2024,16.92,115.87,77.92,561.58
04/09/2024,16.95,116.3,78.13,544.51
04/10/2024,16.63,114.89,78.19,548.55
04/11/2024,15.95,112.97,77.34,546.51
04/12/2024,16.58,106.31,76.77,539.75
04/15/2024,17.13,105.53,77.4,539.01
04/16/2024,15.1,106.64,75.81,535.58
04/17/2024,14.89,108.81,76.25,539.01
04/18/2024,14.45,109.33,76.05,534.91
04/19/2024,15.81,111.56,76.82,518.19
04/22/2024,18.29,113.44,78.45,522.46
04/23/2024,24.14,,,
